Player,Season,PER,WS,BPM,VORP,Label
Kevin Durant,2012,26.2,12.2,7.0,5.8,0
Pau Gasol,2012,20.4,8.3,3.4,3.3,0
Rudy Gay,2012,17.8,6.0,1.9,2.4,0
Blake Griffin,2012,23.4,9.2,3.7,3.4,0
John Wall,2012,17.7,3.5,0.7,1.6,0
Marc Gasol,2012,18.4,8.2,3.1,3.1,0
Brandon Jennings,2012,18.4,5.5,2.7,2.8,0
Russell Westbrook,2012,22.9,7.9,3.0,3.0,0
Josh Smith,2012,21.1,6.8,3.8,3.3,0
LeBron James,2012,30.7,14.5,10.9,7.6,1
Kobe Bryant,2012,21.9,6.2,3.3,2.9,0
Wesley Matthews,2012,14.1,4.8,0.3,1.3,0
Andre Iguodala,2012,17.6,7.3,4.0,3.3,0
DeMar DeRozan,2012,12.8,2.5,-2.7,-0.4,0
Jrue Holiday,2012,14.7,4.2,0.4,1.3,0
Jeff Teague,2012,15.8,6.0,1.3,1.8,0
Chris Paul,2012,27.0,12.7,9.2,6.1,0
Mike Conley,2012,16.8,6.4,2.4,2.4,0
Tyreke Evans,2012,16.4,2.7,-0.6,0.8,0
Kris Humphries,2012,17.9,5.3,-0.9,0.6,0
Antawn Jamison,2012,16.1,3.1,-0.3,0.9,0
Kevin Love,2012,25.4,10.0,5.2,3.9,0
Brandon Knight,2012,11.7,1.3,-2.6,-0.3,0
Luol Deng,2012,14.1,5.8,1.7,2.0,0
Joe Johnson,2012,18.4,6.4,2.1,2.2,0
Ty Lawson,2012,19.4,6.9,3.2,2.8,0
David Lee,2012,19.7,5.0,-0.3,0.9,0
Monta Ellis,2012,17.5,2.6,-0.3,0.9,0
Marcin Gortat,2012,21.2,7.6,2.2,2.3,0
Andrew Bynum,2012,22.9,8.0,2.9,2.6,0
Paul Millsap,2012,21.8,7.8,3.9,3.1,0
Tayshaun Prince,2012,12.8,2.1,-1.5,0.3,0
Arron Afflalo,2012,14.7,5.3,0.1,1.1,0
Greg Monroe,2012,22.0,7.0,2.9,2.6,0
Dirk Nowitzki,2012,21.7,7.6,3.7,3.0,0
Gerald Wallace,2012,15.9,4.8,1.0,1.6,0
Gerald Wallace,2012,15.5,3.5,0.9,1.1,0
Al Jefferson,2012,22.8,7.5,3.7,3.0,0
Paul Pierce,2012,19.6,7.0,4.2,3.2,0
Dwight Howard,2012,24.2,7.7,4.3,3.3,0
Luis Scola,2012,15.4,3.4,-1.9,0.0,0
Danny Granger,2012,18.6,6.7,2.9,2.5,0
Tyson Chandler,2012,18.7,9.5,2.3,2.2,0
Jared Dudley,2012,15.4,5.1,1.2,1.7,0
Gordon Hayward,2012,15.5,4.9,1.5,1.8,0
Chris Bosh,2012,18.9,6.9,0.8,1.4,0
Jason Terry,2012,15.7,3.8,1.4,1.7,0
Deron Williams,2012,20.3,4.1,2.3,2.2,0
LaMarcus Aldridge,2012,22.7,7.0,3.0,2.5,0
Marco Belinelli,2012,11.9,2.9,-1.2,0.4,0
Ryan Anderson,2012,21.2,8.9,4.0,3.0,0
Steve Nash,2012,20.3,5.9,3.4,2.7,0
Paul George,2012,16.5,6.0,3.4,2.7,0
Rajon Rondo,2012,17.5,4.9,2.2,2.1,0
DeMarcus Cousins,2012,21.7,4.2,-0.8,0.6,0
Carlos Boozer,2012,19.7,7.6,2.7,2.3,0
James Harden,2012,21.1,9.3,4.3,3.1,0
Joakim Noah,2012,19.6,9.0,3.8,2.8,0
Roy Hibbert,2012,19.3,6.2,1.4,1.7,0
David West,2012,17.8,5.9,1.8,1.8,0
Tony Parker,2012,22.0,7.1,2.7,2.3,0
Shawn Marion,2012,15.0,3.7,0.5,1.2,0
Raymond Felton,2012,13.4,1.7,-1.5,0.2,0
Landry Fields,2012,12.0,3.4,0.0,1.0,0
Darren Collison,2012,13.6,3.8,-0.2,0.9,0
Carmelo Anthony,2012,21.1,6.2,3.6,2.7,0
Caron Butler,2012,11.7,2.3,-2.0,0.0,0
Brandon Bass,2012,14.1,4.7,-1.0,0.5,0
Kevin Garnett,2012,20.4,6.9,4.3,2.9,0
Gerald Henderson,2012,14.0,1.0,-2.7,-0.3,0
Alonzo Gee,2012,13.2,2.4,-1.4,0.3,0
Mario Chalmers,2012,12.9,4.3,0.4,1.1,0
Andre Miller,2012,14.8,2.9,-0.3,0.7,0
Chandler Parsons,2012,13.3,3.4,0.8,1.3,0
José Calderón,2012,16.7,5.1,1.7,1.7,0
DeAndre Jordan,2012,16.4,5.6,0.1,0.9,0
Serge Ibaka,2012,19.0,6.2,2.3,1.9,0
Kemba Walker,2012,14.9,0.3,-0.8,0.6,0
Nicolas Batum,2012,17.3,4.8,2.5,2.0,0
Marcus Thornton,2012,17.4,3.8,1.1,1.4,0
O.J. Mayo,2012,14.7,3.5,0.8,1.3,0
JJ Redick,2012,15.1,5.2,1.0,1.3,0
Al Harrington,2012,15.3,3.2,-0.4,0.7,0
Courtney Lee,2012,12.6,3.2,0.0,0.9,0
Thaddeus Young,2012,18.9,6.3,2.0,1.8,0
Jordan Crawford,2012,14.5,1.1,-1.7,0.1,0
Goran Dragić,2012,18.0,5.1,1.9,1.7,0
Luke Ridnour,2012,13.6,3.3,-0.5,0.7,0
Richard Jefferson,2012,11.1,3.1,-0.5,0.6,0
Kendrick Perkins,2012,8.7,2.0,-2.1,0.0,0
Devin Harris,2012,16.0,4.2,0.8,1.2,0
Elton Brand,2012,18.0,6.1,1.6,1.6,0
Nick Young,2012,12.9,1.9,-2.4,-0.2,0
Metta World Peace,2012,11.0,2.6,-0.7,0.6,0
Brandon Rush,2012,15.2,3.5,1.7,1.6,0
Evan Turner,2012,12.6,2.4,-1.3,0.3,0
Ramon Sessions,2012,16.7,3.7,-0.4,0.7,0
Greivis Vásquez,2012,14.2,2.3,-1.1,0.4,0
Jameer Nelson,2012,14.6,3.5,-0.1,0.8,0
Iman Shumpert,2012,10.8,2.4,-1.4,0.2,0
Randy Foye,2012,13.5,3.2,0.2,0.9,0
Lou Williams,2012,20.2,6.1,4.0,2.5,0
Channing Frye,2012,14.9,3.7,0.9,1.2,0
Jason Thompson,2012,16.4,3.9,-0.9,0.5,0
Isaiah Thomas,2012,17.6,4.3,0.8,1.2,0
Ersan İlyasova,2012,20.5,6.4,1.9,1.6,0
Hedo Türkoğlu,2012,11.7,2.1,-0.9,0.5,0
Dorell Wright,2012,15.0,3.4,0.9,1.2,0
MarShon Brooks,2012,12.9,0.8,-2.4,-0.2,0
Jodie Meeks,2012,11.5,4.1,-0.7,0.5,0
Rodney Stuckey,2012,17.6,4.5,0.6,1.1,0
Zaza Pachulia,2012,14.0,5.0,-0.7,0.5,0
Anthony Morrow,2012,13.1,1.7,-1.9,0.0,0
Ronnie Brewer,2012,12.3,3.9,0.7,1.1,0
Tim Duncan,2012,22.5,5.9,3.3,2.2,0
Dwyane Wade,2012,26.3,7.7,7.9,4.0,0
Jamal Crawford,2012,15.7,2.3,-0.2,0.7,0
Klay Thompson,2012,14.9,1.7,-1.4,0.2,0
Jason Richardson,2012,13.3,2.8,0.7,1.1,0
Udonis Haslem,2012,10.9,3.5,-2.4,-0.2,0
Ray Allen,2012,14.8,4.7,2.2,1.6,0
James Johnson,2012,14.5,2.6,1.5,1.3,0
Kyrie Irving,2012,21.4,4.1,4.1,2.4,0
Amir Johnson,2012,14.4,4.0,-0.5,0.6,0
Amar'e Stoudemire,2012,17.7,4.1,-0.3,0.7,0
Vince Carter,2012,13.6,2.9,0.1,0.8,0
Carlos Delfino,2012,11.7,2.4,-0.1,0.8,0
JaVale McGee,2012,19.9,4.1,0.2,0.8,0
Ed Davis,2012,14.2,3.9,-0.3,0.7,0
Kawhi Leonard,2012,16.6,5.5,3.4,2.1,0
Jarrett Jack,2012,17.9,3.8,1.6,1.4,0
Tony Allen,2012,15.7,4.2,1.7,1.4,0
Danny Green,2012,15.5,4.5,3.0,1.9,0
Kyle Lowry,2012,18.8,4.9,4.1,2.3,0
Derek Fisher,2012,8.0,1.2,-3.3,-0.5,0
Marvin Williams,2012,15.8,4.9,1.3,1.2,0
Damian Lillard,2013,16.4,5.8,0.3,1.8,0
Kevin Durant,2013,28.3,18.9,9.3,8.9,0
Monta Ellis,2013,16.2,4.6,0.6,2.1,0
DeMar DeRozan,2013,14.7,4.7,-1.4,0.4,0
Kobe Bryant,2013,23.0,10.9,4.6,5.0,0
James Harden,2013,22.9,12.8,5.6,5.8,0
Stephen Curry,2013,21.3,11.2,5.4,5.6,0
Paul George,2013,16.8,9.0,3.8,4.4,0
Klay Thompson,2013,12.7,4.3,-0.3,1.3,0
Jrue Holiday,2013,16.7,3.3,0.5,1.9,0
O.J. Mayo,2013,13.9,4.2,-0.5,1.1,0
David Lee,2013,19.2,9.1,1.8,2.8,0
Luol Deng,2013,15.1,6.3,0.8,2.0,0
Brandon Jennings,2013,16.1,5.8,1.1,2.2,0
Evan Turner,2013,12.1,2.1,-2.3,-0.3,0
LeBron James,2013,31.6,19.3,11.7,9.9,1
Russell Westbrook,2013,23.9,11.6,4.4,4.6,0
Kemba Walker,2013,18.8,4.8,1.4,2.4,0
Deron Williams,2013,20.3,10.9,3.8,4.2,0
Nicolas Batum,2013,15.7,5.8,2.8,3.4,0
Marc Gasol,2013,19.5,11.5,5.2,5.1,0
LaMarcus Aldridge,2013,20.4,7.2,1.3,2.3,0
Andre Iguodala,2013,15.2,5.6,2.6,3.3,0
Chandler Parsons,2013,15.3,7.0,2.0,2.8,0
Mike Conley,2013,18.3,9.9,4.6,4.6,0
Al Horford,2013,19.8,8.8,1.9,2.7,0
Dwight Howard,2013,19.4,7.6,0.6,1.8,0
Greg Monroe,2013,19.5,5.9,1.8,2.6,0
Rudy Gay,2013,15.6,4.0,1.1,2.1,0
Rudy Gay,2013,14.1,2.4,0.5,0.9,0
Greivis Vásquez,2013,16.3,3.8,-0.4,1.1,0
Josh Smith,2013,17.7,4.2,1.8,2.5,0
J.R. Smith,2013,17.6,6.7,1.3,2.2,0
Joe Johnson,2013,14.1,5.1,0.0,1.3,0
Jeremy Lin,2013,14.9,5.4,0.3,1.5,0
Tayshaun Prince,2013,11.5,3.6,-1.2,0.5,0
Thaddeus Young,2013,18.2,7.4,1.2,2.1,0
Jeff Teague,2013,16.8,6.1,0.3,1.5,0
George Hill,2013,16.6,9.7,3.3,3.5,0
Zach Randolph,2013,17.9,7.9,0.2,1.5,0
Blake Griffin,2013,22.4,10.6,4.1,4.0,0
Goran Dragić,2013,17.5,5.7,1.4,2.2,0
Al Jefferson,2013,20.9,7.7,2.4,2.8,0
Paul Pierce,2013,19.1,7.2,3.6,3.6,0
Tristan Thompson,2013,16.1,5.2,-1.8,0.1,0
Nikola Vučević,2013,17.8,5.7,-0.5,0.9,0
Carlos Boozer,2013,17.1,5.7,-0.1,1.2,0
Alonzo Gee,2013,10.5,1.9,-2.6,-0.4,0
Metta World Peace,2013,12.5,4.6,0.4,1.5,0
Ty Lawson,2013,17.9,7.4,2.0,2.5,0
Ryan Anderson,2013,18.1,6.5,2.0,2.5,0
Serge Ibaka,2013,19.4,9.4,1.5,2.2,0
Carmelo Anthony,2013,24.8,9.5,4.3,3.9,0
Luke Ridnour,2013,13.0,4.3,-0.8,0.8,0
Ömer Aşık,2013,14.9,5.5,-1.6,0.3,0
Chris Bosh,2013,20.0,9.0,1.3,2.1,0
David West,2013,20.1,9.1,4.0,3.7,0
Joakim Noah,2013,18.1,7.3,3.4,3.3,0
Wesley Matthews,2013,14.1,4.7,0.5,1.5,0
Dwyane Wade,2013,24.0,9.6,4.4,3.8,0
JJ Redick,2013,14.7,4.5,-0.4,0.9,0
JJ Redick,2013,16.1,3.2,0.4,0.9,0
Paul Millsap,2013,19.8,7.6,2.7,2.8,0
Darren Collison,2013,16.3,5.6,0.1,1.3,0
Brandon Knight,2013,12.0,1.1,-2.8,-0.5,0
Jarrett Jack,2013,15.9,5.6,0.5,1.4,0
Chris Paul,2013,26.4,13.9,8.8,6.4,0
Amir Johnson,2013,17.3,7.3,1.0,1.8,0
J.J. Hickson,2013,19.7,6.9,0.2,1.3,0
Raymond Felton,2013,15.2,4.2,0.1,1.2,0
Danilo Gallinari,2013,16.7,7.2,2.8,2.8,0
Arron Afflalo,2013,13.0,2.0,-2.9,-0.5,0
Kyle Singler,2013,10.0,2.3,-3.0,-0.6,0
DeMarcus Cousins,2013,20.2,4.4,0.2,1.2,0
Jason Thompson,2013,14.6,3.6,-2.6,-0.3,0
Lance Stephenson,2013,11.8,5.5,0.0,1.2,0
John Salmons,2013,10.2,1.6,-2.5,-0.3,0
Roy Hibbert,2013,17.3,6.1,-0.3,0.9,0
Kyle Korver,2013,13.9,6.4,1.8,2.2,0
Brook Lopez,2013,24.7,9.0,3.2,3.0,0
Jeff Green,2013,15.0,4.7,-0.3,1.0,0
Randy Foye,2013,11.7,3.7,-0.6,0.8,0
Kenneth Faried,2013,18.5,7.8,1.1,1.7,0
Brandon Bass,2013,12.3,4.7,-1.9,0.1,0
Spencer Hawes,2013,16.0,4.5,-0.5,0.9,0
Jamal Crawford,2013,16.8,5.4,1.0,1.7,0
Thabo Sefolosha,2013,12.8,6.8,2.4,2.5,0
Danny Green,2013,14.1,5.9,2.8,2.7,0
Martell Webster,2013,13.9,6.3,0.8,1.6,0
Bismack Biyombo,2013,10.1,1.4,-4.4,-1.3,0
Luis Scola,2013,16.7,4.4,-0.5,0.8,0
Tony Parker,2013,23.0,9.3,3.6,3.1,0
Rodney Stuckey,2013,13.0,2.5,-1.8,0.1,0
Jared Dudley,2013,14.9,4.8,0.6,1.5,0
Tyson Chandler,2013,18.9,9.3,1.3,1.8,0
José Calderón,2013,18.8,7.4,3.1,2.8,0
Andre Miller,2013,15.7,5.4,0.9,1.6,0
Robin Lopez,2013,18.9,5.6,0.6,1.4,0
Kevin Martin,2013,16.0,7.0,1.0,1.6,0
Jimmy Butler,2013,15.2,7.0,2.0,2.1,0
Gerald Henderson,2013,16.4,3.3,-1.1,0.5,0
Jason Terry,2013,12.8,4.0,-0.2,1.0,0
Isaiah Thomas,2013,17.5,5.0,0.5,1.3,0
Tony Allen,2013,13.2,5.1,0.4,1.2,0
Gordon Hayward,2013,16.8,5.4,2.0,2.1,0
Vince Carter,2013,17.8,6.0,3.1,2.6,0
Nate Robinson,2013,17.4,5.9,2.8,2.5,0
Tim Duncan,2013,24.4,8.3,5.3,3.8,0
Gerald Wallace,2013,11.6,3.1,0.7,1.3,0
Mario Chalmers,2013,13.3,5.2,0.4,1.3,0
Al-Farouq Aminu,2013,13.7,3.1,-0.1,1.0,0
Harrison Barnes,2013,11.0,2.8,-1.7,0.1,0
Matt Barnes,2013,15.5,6.3,1.8,2.0,0
Emeka Okafor,2013,15.8,4.5,-0.7,0.7,0
Kyrie Irving,2013,21.4,5.3,3.7,3.0,0
Jason Kidd,2013,13.5,5.4,3.3,2.7,0
Ray Allen,2013,14.7,5.4,0.3,1.2,0
Andrei Kirilenko,2013,17.6,6.0,3.5,2.9,0
Tyler Zeller,2013,11.0,2.0,-4.0,-1.0,0
Michael Kidd-Gilchrist,2013,14.0,2.1,-2.6,-0.3,0
Kevin Garnett,2013,19.2,5.6,2.6,2.3,0
Kyle Lowry,2013,17.5,5.6,2.9,2.5,0
Tyreke Evans,2013,18.1,4.4,1.8,1.9,0
Ersan İlyasova,2013,18.3,6.7,2.0,2.0,0
DeAndre Jordan,2013,17.2,6.2,-0.2,0.9,0
Dante Cunningham,2013,13.3,3.5,-1.4,0.3,0
Shawn Marion,2013,18.0,5.3,2.2,2.1,0
Corey Brewer,2013,14.7,3.9,0.4,1.2,0
Tiago Splitter,2013,18.7,8.2,2.2,2.1,0
Jameer Nelson,2013,14.4,2.1,-1.2,0.4,0
Maurice Harkless,2013,12.5,2.4,-1.3,0.4,0
Reggie Evans,2013,12.8,4.3,-1.7,0.1,0
Nikola Peković,2013,20.2,6.7,0.5,1.2,0
Kendrick Perkins,2013,8.2,2.5,-1.8,0.1,0
Mike Dunleavy,2013,13.6,4.4,0.4,1.2,0
Courtney Lee,2013,11.7,3.3,-0.5,0.7,0
Larry Sanders,2013,18.7,6.0,1.0,1.5,0
Derrick Williams,2013,14.5,3.0,-1.5,0.2,0
P.J. Tucker,2013,11.6,2.9,-1.5,0.2,0
Marco Belinelli,2013,10.4,3.0,-2.3,-0.1,0
Caron Butler,2013,12.4,3.6,-1.3,0.3,0
Carl Landry,2013,17.5,6.2,-0.2,0.8,0
Marcin Gortat,2013,15.4,3.4,-0.5,0.7,0
Anthony Davis,2013,21.7,6.1,2.5,2.1,0
Alexey Shved,2013,11.0,0.8,-1.7,0.1,0
Markieff Morris,2013,12.6,1.7,-1.9,0.0,0
Kosta Koufos,2013,17.2,6.5,0.6,1.2,0
Kawhi Leonard,2013,16.4,6.2,3.1,2.3,0
Jason Maxiell,2013,11.3,1.8,-3.4,-0.6,0
Derrick Favors,2013,17.5,4.4,-0.5,0.7,0
Shane Battier,2013,10.7,4.4,1.0,1.4,0
Dorell Wright,2013,16.0,4.9,2.6,2.1,0
Patrick Patterson,2013,15.2,4.1,-0.1,0.9,0
Jerryd Bayless,2013,13.5,4.0,0.1,1.0,0
Kirk Hinrich,2013,10.8,3.1,-0.9,0.5,0
Dion Waiters,2013,13.7,0.9,-2.1,-0.1,0
Bradley Beal,2013,13.6,3.0,0.2,1.0,0
Marvin Williams,2013,10.9,2.3,-1.2,0.4,0
Marcus Thornton,2013,16.3,3.2,0.3,1.0,0
Kevin Séraphin,2013,10.3,0.1,-5.5,-1.5,0
J.J. Barea,2013,14.1,1.9,-0.6,0.6,0
Boris Diaw,2013,11.9,4.4,0.8,1.2,0
Jordan Crawford,2013,13.8,1.9,-0.9,0.5,0
Ricky Rubio,2013,16.2,3.0,1.1,1.3,0
Carlos Delfino,2013,13.3,3.5,1.4,1.5,0
E'Twaun Moore,2013,10.7,0.2,-2.3,-0.1,0
Lavoy Allen,2013,11.5,2.5,-3.3,-0.6,0
Jodie Meeks,2013,11.4,3.0,-1.0,0.4,0
Dirk Nowitzki,2013,19.8,5.0,3.1,2.2,0
Wayne Ellington,2013,12.2,3.2,-0.5,0.6,0
Nenê,2013,17.0,4.0,1.3,1.3,0
Pau Gasol,2013,16.7,3.7,2.0,1.7,0
Ramon Sessions,2013,17.7,2.9,-0.4,0.7,0
Steve Novak,2013,11.3,4.0,0.1,0.9,0
Antawn Jamison,2013,15.3,4.3,-0.1,0.8,0
Ed Davis,2013,17.8,5.4,0.2,0.9,0
Steve Nash,2013,16.0,4.3,0.4,1.0,0
Lamar Odom,2013,10.9,2.7,-0.7,0.6,0
John Wall,2013,20.8,4.5,3.9,2.4,0
Norris Cole,2013,7.9,0.6,-4.9,-1.2,0
Nick Collison,2013,13.6,5.2,0.9,1.2,0
Ben Gordon,2013,12.7,-0.6,-3.4,-0.6,0
Andray Blatche,2013,21.9,4.9,2.2,1.6,0
Michael Beasley,2013,10.8,-1.5,-4.7,-1.1,0
Eric Bledsoe,2013,17.5,3.7,3.5,2.2,0
Elton Brand,2013,15.2,3.4,-0.9,0.4,0
Marcus Morris,2013,11.3,1.8,-2.0,0.0,0
C.J. Watson,2013,13.9,3.8,0.9,1.1,0
Jeff Taylor,2013,10.3,1.2,-3.6,-0.6,0
Kevin Durant,2014,29.8,19.2,10.2,9.6,1
Monta Ellis,2014,16.8,4.9,-0.3,1.3,0
DeMar DeRozan,2014,18.4,8.8,1.7,2.8,0
Carmelo Anthony,2014,24.4,10.7,5.0,5.3,0
John Wall,2014,19.5,7.9,2.7,3.6,0
Nicolas Batum,2014,15.8,7.9,3.4,4.0,0
Damian Lillard,2014,18.6,9.6,3.2,3.9,0
LeBron James,2014,29.3,15.9,8.8,7.9,0
Paul George,2014,20.1,10.8,4.9,5.0,0
DeAndre Jordan,2014,18.2,11.1,2.5,3.3,0
Klay Thompson,2014,14.3,6.7,0.8,2.0,0
Blake Griffin,2014,23.9,12.2,4.5,4.7,0
Kyle Lowry,2014,20.1,11.7,4.7,4.8,0
Stephen Curry,2014,24.1,13.4,7.4,6.7,0
Joakim Noah,2014,20.0,11.2,5.3,5.2,0
Jeff Green,2014,13.1,3.3,-1.5,0.3,0
Gordon Hayward,2014,16.2,3.6,0.8,2.0,0
Kevin Love,2014,26.9,14.3,8.9,7.7,0
Chandler Parsons,2014,15.9,7.6,1.7,2.6,0
Wesley Matthews,2014,15.7,8.2,1.9,2.7,0
James Harden,2014,23.5,12.8,5.6,5.3,0
Lance Stephenson,2014,14.7,7.4,1.3,2.3,0
Josh Smith,2014,14.1,1.1,-0.8,0.8,0
Brandon Jennings,2014,15.6,3.9,0.1,1.4,0
Trevor Ariza,2014,15.8,8.0,2.3,3.0,0
Thaddeus Young,2014,16.6,3.5,-0.1,1.3,0
Zach Randolph,2014,18.3,6.4,-0.1,1.3,0
Greg Monroe,2014,18.1,5.9,0.1,1.4,0
Goran Dragić,2014,21.4,10.3,3.9,4.0,0
Serge Ibaka,2014,19.6,9.6,1.7,2.5,0
Marcin Gortat,2014,17.6,8.1,0.8,1.8,0
Ricky Rubio,2014,15.4,5.9,1.2,2.1,0
Dirk Nowitzki,2014,23.6,10.9,5.0,4.7,0
Andre Drummond,2014,22.6,9.9,1.4,2.3,0
Kemba Walker,2014,16.8,5.1,1.7,2.4,0
Corey Brewer,2014,12.7,5.2,-0.2,1.2,0
Robin Lopez,2014,17.7,9.5,1.2,2.1,0
Tristan Thompson,2014,14.9,5.7,-2.1,-0.1,0
Jimmy Butler,2014,13.5,7.1,1.1,2.0,0
Mike Dunleavy,2014,12.6,6.5,0.8,1.8,0
Joe Johnson,2014,15.5,4.9,0.2,1.4,0
Jodie Meeks,2014,14.7,4.5,-0.1,1.2,0
Al Jefferson,2014,22.7,7.8,2.7,3.0,0
Arron Afflalo,2014,16.0,5.3,-0.2,1.1,0
Jeff Teague,2014,17.1,5.2,-0.1,1.2,0
Chris Bosh,2014,19.0,8.0,0.8,1.8,0
Rudy Gay,2014,18.3,4.8,1.7,2.4,0
Rudy Gay,2014,19.6,4.5,2.1,2.0,0
Bradley Beal,2014,14.3,4.0,-0.4,1.0,0
LaMarcus Aldridge,2014,21.8,7.5,2.3,2.7,0
Isaiah Thomas,2014,20.5,7.7,3.2,3.2,0
Kyrie Irving,2014,20.1,6.7,3.4,3.3,0
P.J. Tucker,2014,13.3,6.1,1.0,1.9,0
Victor Oladipo,2014,13.6,1.3,-1.4,0.3,0
Randy Foye,2014,13.3,4.6,0.5,1.6,0
Paul Millsap,2014,19.8,6.7,2.8,3.0,0
David West,2014,17.5,8.1,2.6,2.9,0
Spencer Hawes,2014,15.7,4.5,0.6,1.6,0
Spencer Hawes,2014,15.3,2.6,0.2,0.9,0
José Calderón,2014,15.2,6.3,1.9,2.4,0
Gerald Henderson,2014,13.1,3.6,-1.5,0.3,0
Khris Middleton,2014,12.5,2.7,-2.3,-0.2,0
Evan Turner,2014,12.4,1.4,-3.3,-0.8,0
Evan Turner,2014,13.2,0.7,-3.5,-0.7,0
Mike Conley,2014,20.0,8.2,3.8,3.6,0
George Hill,2014,13.4,7.8,1.6,2.2,0
J.R. Smith,2014,13.9,3.7,-0.2,1.1,0
Michael Carter-Williams,2014,15.5,1.3,-0.5,0.9,0
Roy Hibbert,2014,13.5,5.4,-1.4,0.4,0
Shawn Marion,2014,13.7,4.3,0.2,1.3,0
Kyle Korver,2014,13.5,5.9,1.1,1.9,0
Brandon Knight,2014,16.5,2.8,-0.5,0.9,0
Dwight Howard,2014,21.3,8.0,1.8,2.3,0
Josh McRoberts,2014,13.8,6.5,2.0,2.3,0
Anthony Davis,2014,26.5,10.4,4.8,4.0,0
Taj Gibson,2014,16.0,5.7,-1.0,0.6,0
DeMarre Carroll,2014,13.9,5.8,0.7,1.6,0
Kyle Singler,2014,11.8,4.4,-1.4,0.3,0
Gerald Green,2014,16.5,6.1,1.4,2.0,0
Channing Frye,2014,13.2,5.3,0.7,1.6,0
James Anderson,2014,10.9,1.9,-2.6,-0.3,0
DeMarcus Cousins,2014,26.1,7.9,5.2,4.2,0
David Lee,2014,19.1,7.6,1.3,1.9,0
Jonas Valančiūnas,2014,16.1,6.7,-1.3,0.4,0
Reggie Jackson,2014,15.4,4.9,0.1,1.2,0
Brandon Bass,2014,15.0,5.1,-1.1,0.5,0
Trey Burke,2014,12.6,0.9,-2.6,-0.4,0
Jarrett Jack,2014,11.5,2.3,-2.1,-0.1,0
Wesley Johnson,2014,11.0,1.9,-1.1,0.5,0
Ty Lawson,2014,19.0,6.3,2.3,2.5,0
Amir Johnson,2014,15.4,6.3,0.7,1.5,0
Ramon Sessions,2014,16.0,4.3,-0.8,0.7,0
Richard Jefferson,2014,11.8,2.7,-1.4,0.3,0
Luol Deng,2014,15.2,4.5,0.4,1.4,0
Harrison Barnes,2014,9.8,3.2,-1.6,0.2,0
Derrick Favors,2014,19.0,5.1,0.1,1.2,0
Alec Burks,2014,15.8,3.2,-0.8,0.7,0
Ben McLemore,2014,7.7,0.8,-4.0,-1.1,0
Jameer Nelson,2014,13.9,2.8,-1.1,0.5,0
Kenneth Faried,2014,19.8,6.5,1.0,1.6,0
Mario Chalmers,2014,14.0,4.8,0.2,1.2,0
Kevin Martin,2014,16.3,5.3,0.3,1.3,0
Chris Paul,2014,25.9,12.2,8.6,5.8,0
Terrence Ross,2014,12.0,4.2,-0.2,1.0,0
Tim Duncan,2014,21.3,7.4,3.3,2.9,0
Martell Webster,2014,11.5,5.0,-0.4,0.9,0
Markieff Morris,2014,18.4,6.4,1.0,1.6,0
Carlos Boozer,2014,14.4,3.4,-2.1,-0.1,0
Enes Freedom,2014,15.6,2.2,-3.6,-0.9,0
Kirk Hinrich,2014,10.8,3.8,-1.0,0.6,0
Paul Pierce,2014,16.8,5.2,1.6,1.9,0
Jamal Crawford,2014,17.3,5.3,1.6,1.9,0
Terrence Jones,2014,19.1,7.3,2.2,2.2,0
Dion Waiters,2014,14.0,1.6,-1.5,0.3,0
Darren Collison,2014,16.2,5.9,1.5,1.8,0
Deron Williams,2014,17.6,5.4,1.2,1.7,0
Eric Gordon,2014,14.9,2.5,-0.5,0.8,0
Jeremy Lin,2014,14.3,4.4,-0.2,0.9,0
Al-Farouq Aminu,2014,13.2,3.1,-0.6,0.7,0
Jared Sullinger,2014,16.4,3.9,-1.4,0.3,0
Andre Iguodala,2014,13.7,5.8,2.3,2.2,0
Tyreke Evans,2014,18.4,3.1,0.6,1.3,0
Raymond Felton,2014,12.9,2.2,-1.2,0.4,0
Marco Belinelli,2014,15.0,5.9,1.3,1.7,0
Norris Cole,2014,8.8,1.2,-3.1,-0.6,0
Jason Thompson,2014,11.1,2.7,-3.2,-0.6,0
Tony Parker,2014,18.9,5.9,0.9,1.5,0
Boris Diaw,2014,14.1,4.9,1.3,1.6,0
Shaun Livingston,2014,14.5,4.4,0.4,1.2,0
Vince Carter,2014,15.9,4.3,1.2,1.6,0
Courtney Lee,2014,13.8,4.7,0.9,1.5,0
Marc Gasol,2014,18.2,5.6,3.0,2.5,0
Miles Plumlee,2014,14.6,4.0,-1.3,0.3,0
Iman Shumpert,2014,9.6,2.0,-2.0,0.0,0
Maurice Harkless,2014,11.8,2.8,-0.4,0.8,0
Rodney Stuckey,2014,14.0,2.2,-2.9,-0.4,0
Tayshaun Prince,2014,8.2,1.5,-2.5,-0.2,0
D.J. Augustin,2014,16.2,6.2,1.4,1.7,0
D.J. Augustin,2014,16.8,6.4,1.9,1.8,0
Ray Allen,2014,12.8,4.1,-0.4,0.8,0
Wilson Chandler,2014,12.4,3.1,-0.8,0.6,0
Kawhi Leonard,2014,19.4,7.7,5.1,3.5,0
Giannis Antetokounmpo,2014,10.8,1.2,-2.5,-0.2,0
Pau Gasol,2014,19.3,3.0,1.2,1.5,0
Tim Hardaway Jr.,2014,12.7,3.1,-1.8,0.1,0
J.J. Hickson,2014,16.2,3.3,-0.9,0.5,0
Jordan Crawford,2014,14.3,2.8,-0.6,0.6,0
John Henson,2014,17.9,3.3,-0.5,0.7,0
Avery Bradley,2014,12.7,1.8,-1.9,0.1,0
Tobias Harris,2014,16.5,4.1,-0.7,0.6,0
Mo Williams,2014,11.8,2.2,-2.0,0.0,0
Derrick Williams,2014,11.5,2.6,-2.1,0.0,0
Derrick Williams,2014,11.9,2.5,-1.9,0.1,0
Nikola Vučević,2014,18.8,4.4,0.1,1.0,0
Nick Young,2014,16.0,2.5,-0.5,0.7,0
Marcus Morris,2014,14.8,4.2,0.5,1.1,0
Anderson Varejão,2014,17.0,5.4,1.4,1.6,0
Draymond Green,2014,12.7,4.5,1.9,1.8,0
Greivis Vásquez,2014,14.1,3.6,-0.4,0.7,0
Dwyane Wade,2014,22.0,5.5,2.9,2.2,0
Alan Anderson,2014,9.5,1.7,-2.8,-0.4,0
Timofey Mozgov,2014,16.7,4.5,-0.8,0.5,0
Andrew Bogut,2014,17.0,6.5,3.0,2.2,0
Tony Wroten,2014,12.9,-0.9,-3.7,-0.7,0
Patrick Beverley,2014,12.4,4.2,0.6,1.2,0
Hollis Thompson,2014,9.5,2.0,-3.2,-0.5,0
Marcus Thornton,2014,12.0,2.0,-1.5,0.2,0
Matt Barnes,2014,12.0,3.5,-0.2,0.8,0
Jared Dudley,2014,8.9,2.4,-1.5,0.2,0
John Salmons,2014,7.8,1.7,-1.9,0.0,0
Mike Miller,2014,12.5,3.9,0.4,1.0,0
Jerryd Bayless,2014,12.0,2.4,-1.8,0.1,0
Marvin Williams,2014,14.0,2.9,0.0,0.9,0
Brian Roberts,2014,13.4,2.2,-1.7,0.1,0
Nikola Peković,2014,20.7,5.9,0.6,1.1,0
Tyson Chandler,2014,16.4,4.9,0.2,0.9,0
Glen Davis,2014,13.1,2.0,-2.5,-0.2,0
Danny Green,2014,13.9,4.2,3.2,2.2,0
Dante Cunningham,2014,12.6,2.9,-0.8,0.5,0
Andray Blatche,2014,18.8,3.7,0.0,0.8,0
Samuel Dalembert,2014,16.8,4.9,-0.8,0.5,0
Thabo Sefolosha,2014,10.4,3.0,0.3,0.9,0
Kentavious Caldwell-Pope,2014,9.4,1.8,-2.6,-0.2,0
Kendall Marshall,2014,12.6,0.9,-2.4,-0.2,0
Nenê,2014,16.6,3.2,0.3,0.9,0
Aaron Brooks,2014,12.5,2.2,-1.0,0.4,0
Trevor Booker,2014,15.0,4.3,-0.1,0.7,0
Manu Ginóbili,2014,20.0,5.7,4.0,2.4,0
Jeremy Lamb,2014,13.4,3.3,0.1,0.8,0
Patrick Patterson,2014,14.6,3.8,0.5,1.0,0
Patty Mills,2014,18.7,5.6,4.0,2.3,0
E'Twaun Moore,2014,11.1,1.7,-1.6,0.2,0
Evan Fournier,2014,10.3,1.4,-2.9,-0.4,0
Michael Kidd-Gilchrist,2014,12.0,3.1,-2.1,0.0,0
Jordan Hill,2014,19.3,4.4,-0.5,0.6,0
James Harden,2015,26.7,16.4,8.8,8.1,0
Andrew Wiggins,2015,13.9,2.1,-2.4,-0.3,0
Trevor Ariza,2015,12.7,6.6,1.0,2.2,0
Damian Lillard,2015,20.7,10.6,4.7,4.9,0
Chris Paul,2015,26.0,16.1,8.0,7.2,0
John Wall,2015,19.9,7.8,3.6,4.0,0
DeAndre Jordan,2015,21.0,12.8,2.9,3.5,0
Eric Bledsoe,2015,18.4,7.0,2.1,2.9,0
Joe Johnson,2015,14.1,4.1,-0.1,1.3,0
Kyrie Irving,2015,21.5,10.4,4.1,4.2,0
Monta Ellis,2015,16.5,3.6,-0.1,1.3,0
Tyreke Evans,2015,17.7,4.6,1.2,2.2,0
Marc Gasol,2015,21.7,10.2,5.1,4.8,0
Pau Gasol,2015,22.7,10.4,3.5,3.7,0
Ben McLemore,2015,10.4,2.5,-2.2,-0.2,0
Ty Lawson,2015,18.5,7.0,2.2,2.8,0
Goran Dragić,2015,17.4,6.8,0.8,1.8,0
Goran Dragić,2015,16.7,4.0,0.1,0.9,0
Gordon Hayward,2015,20.2,8.7,4.0,4.0,0
Stephen Curry,2015,28.0,15.7,9.9,7.9,1
Kentavious Caldwell-Pope,2015,11.2,2.8,-1.7,0.2,0
Markieff Morris,2015,15.8,4.6,-0.3,1.1,0
Victor Oladipo,2015,15.9,3.5,-0.4,1.1,0
Giannis Antetokounmpo,2015,14.8,6.2,0.0,1.2,0
Kevin Love,2015,18.8,8.7,2.7,3.0,0
Nikola Vučević,2015,21.5,7.0,0.9,1.8,0
Jimmy Butler,2015,21.3,11.2,4.6,4.2,0
LaMarcus Aldridge,2015,22.8,8.6,2.9,3.1,0
Andre Drummond,2015,21.4,7.7,-0.1,1.2,0
Arron Afflalo,2015,10.7,2.6,-2.5,-0.3,0
Arron Afflalo,2015,11.7,1.8,-1.9,0.1,0
LeBron James,2015,25.9,10.4,7.1,5.7,0
Draymond Green,2015,16.4,8.5,3.5,3.5,0
Elfrid Payton,2015,13.8,2.3,-1.2,0.5,0
Wilson Chandler,2015,13.2,3.6,-0.6,0.9,0
Klay Thompson,2015,20.8,8.8,4.4,4.0,0
Anthony Davis,2015,30.8,14.0,8.9,6.7,0
Jeff Green,2015,14.4,5.2,-0.2,1.2,0
Marcin Gortat,2015,18.2,8.6,1.5,2.1,0
Thaddeus Young,2015,15.7,3.1,-0.1,1.1,0
Thaddeus Young,2015,15.0,1.4,-0.5,0.6,0
Avery Bradley,2015,11.5,2.5,-2.2,-0.1,0
Luol Deng,2015,15.5,5.4,0.0,1.2,0
Kyle Korver,2015,14.8,7.5,2.8,3.0,0
Kyle Lowry,2015,19.3,7.1,3.0,3.1,0
JJ Redick,2015,16.2,6.7,1.3,2.0,0
Rudy Gay,2015,19.7,6.1,2.7,2.9,0
Paul Millsap,2015,20.0,8.3,3.4,3.3,0
P.J. Tucker,2015,12.5,4.9,0.4,1.4,0
Solomon Hill,2015,10.2,3.5,-1.5,0.3,0
Nicolas Batum,2015,13.1,5.2,2.1,2.4,0
Khris Middleton,2015,15.6,6.7,1.6,2.2,0
Tobias Harris,2015,16.7,4.8,0.5,1.5,0
Mario Chalmers,2015,11.7,2.8,-2.5,-0.3,0
Blake Griffin,2015,22.8,9.0,4.0,3.6,0
Courtney Lee,2015,11.5,4.8,-0.5,0.9,0
Harrison Barnes,2015,13.4,6.7,0.1,1.2,0
Al Horford,2015,21.4,8.7,4.1,3.6,0
Gerald Henderson,2015,13.2,3.6,-1.4,0.4,0
Danny Green,2015,16.5,7.8,4.6,3.8,0
Nerlens Noel,2015,15.0,4.0,-0.3,1.0,0
Zach Randolph,2015,19.5,7.2,1.3,1.9,0
Russell Westbrook,2015,29.1,10.6,8.1,5.8,0
Josh Smith,2015,14.9,2.3,0.7,1.6,0
Trey Burke,2015,12.6,2.4,-1.4,0.3,0
Tyson Chandler,2015,20.1,10.3,2.6,2.7,0
Dirk Nowitzki,2015,19.2,7.2,2.2,2.4,0
Derrick Favors,2015,21.8,8.3,2.5,2.6,0
Matt Barnes,2015,11.3,4.3,-0.3,1.0,0
Reggie Jackson,2015,17.2,4.9,1.1,1.8,0
Evan Turner,2015,12.8,2.5,-1.0,0.6,0
Wesley Johnson,2015,11.1,1.7,-1.9,0.1,0
Jarrett Jack,2015,14.6,2.6,-1.1,0.5,0
Jeff Teague,2015,20.6,7.7,2.9,2.8,0
Tim Duncan,2015,22.6,9.6,5.1,4.0,0
Mike Conley,2015,18.6,6.8,2.8,2.7,0
Dion Waiters,2015,10.9,1.1,-3.3,-0.7,0
Tristan Thompson,2015,15.6,6.8,-1.2,0.4,0
Gorgui Dieng,2015,17.2,4.9,0.2,1.2,0
DeMarre Carroll,2015,15.9,7.0,1.7,2.0,0
Chandler Parsons,2015,16.3,5.5,1.6,2.0,0
Rudy Gobert,2015,21.6,9.3,4.2,3.4,0
Patrick Patterson,2015,14.6,6.1,2.5,2.4,0
Michael Carter-Williams,2015,14.1,0.8,-1.1,0.5,0
Greg Monroe,2015,21.2,6.8,2.0,2.1,0
Enes Freedom,2015,20.3,6.4,-0.9,0.6,0
Kemba Walker,2015,17.6,4.5,2.3,2.3,0
Serge Ibaka,2015,16.6,5.6,0.9,1.6,0
Deron Williams,2015,15.7,3.6,0.2,1.2,0
Bradley Beal,2015,14.0,3.7,0.1,1.1,0
Brook Lopez,2015,22.7,7.0,1.2,1.6,0
DeMar DeRozan,2015,17.4,4.0,-0.9,0.6,0
Jonas Valančiūnas,2015,20.6,8.2,0.5,1.3,0
Terrence Ross,2015,11.2,2.4,-1.4,0.3,0
Corey Brewer,2015,13.9,3.1,-1.0,0.5,0
Kenneth Faried,2015,18.4,5.6,-0.1,1.0,0
J.R. Smith,2015,13.6,3.7,0.7,1.5,0
Andre Iguodala,2015,12.3,5.1,0.9,1.5,0
Joakim Noah,2015,15.3,5.6,2.1,2.1,0
Marcus Morris,2015,13.7,4.0,0.1,1.1,0
Timofey Mozgov,2015,16.6,5.7,-0.7,0.7,0
Donatas Motiejūnas,2015,14.4,4.7,-0.5,0.8,0
Marvin Williams,2015,11.8,4.3,0.0,1.0,0
Brandon Knight,2015,17.1,4.5,1.6,1.9,0
Brandon Knight,2015,18.5,4.4,2.5,1.9,0
Kawhi Leonard,2015,22.0,8.6,5.9,4.1,0
Wesley Matthews,2015,16.1,6.2,3.1,2.6,0
Eric Gordon,2015,12.7,2.9,-1.0,0.5,0
Rajon Rondo,2015,13.5,1.6,-0.8,0.6,0
Lou Williams,2015,19.9,6.6,2.6,2.3,0
DeMarcus Cousins,2015,25.2,6.0,4.3,3.2,0
Al Jefferson,2015,19.7,4.7,1.6,1.8,0
Greivis Vásquez,2015,12.6,2.8,-1.0,0.5,0
Jason Thompson,2015,10.2,2.4,-2.8,-0.4,0
Boris Diaw,2015,12.7,3.6,-0.4,0.8,0
Ömer Aşık,2015,15.5,5.0,-1.2,0.4,0
Mo Williams,2015,15.4,2.1,-0.8,0.6,0
Amir Johnson,2015,15.4,5.1,-0.1,0.9,0
Dwyane Wade,2015,21.4,3.5,2.1,2.1,0
D.J. Augustin,2015,13.9,3.4,-1.2,0.4,0
Robert Covington,2015,14.7,4.0,0.7,1.3,0
Tony Parker,2015,15.9,4.1,-1.3,0.3,0
Brandon Bass,2015,16.3,5.3,0.0,1.0,0
Roy Hibbert,2015,15.4,4.2,-1.2,0.4,0
Luc Mbah a Moute,2015,10.6,1.1,-2.8,-0.4,0
Paul Pierce,2015,15.2,5.5,1.5,1.7,0
Jeremy Lin,2015,15.6,2.7,-0.4,0.8,0
Zach LaVine,2015,11.3,-0.7,-4.6,-1.3,0
David West,2015,16.0,4.3,1.6,1.7,0
Aaron Brooks,2015,14.4,3.3,-0.8,0.5,0
Rodney Stuckey,2015,15.4,4.0,0.3,1.1,0
Jordan Hill,2015,16.2,2.2,-2.2,-0.1,0
Channing Frye,2015,9.5,2.1,-1.5,0.2,0
Shane Larkin,2015,10.9,1.7,-2.8,-0.4,0
Bojan Bogdanović,2015,11.6,2.4,-1.7,0.1,0
C.J. Miles,2015,14.1,3.6,0.9,1.3,0
Ed Davis,2015,20.0,6.3,1.5,1.6,0
Mike Dunleavy,2015,11.6,4.1,0.0,0.9,0
Norris Cole,2015,10.9,1.4,-2.8,-0.4,0
Dante Exum,2015,5.7,-0.1,-4.3,-1.1,0
Marcus Smart,2015,11.0,2.9,-0.5,0.7,0
Anthony Morrow,2015,14.8,5.7,1.8,1.7,0
Quincy Pondexter,2015,9.9,2.9,-2.1,0.0,0
Jason Smith,2015,12.0,1.2,-3.8,-0.8,0
Hollis Thompson,2015,10.9,2.6,-1.8,0.1,0
Steven Adams,2015,14.1,4.1,-1.3,0.3,0
Alan Anderson,2015,10.6,2.7,-1.5,0.2,0
Mason Plumlee,2015,18.0,4.8,0.1,0.9,0
Kyle Singler,2015,8.5,2.0,-2.1,0.0,0
Tyler Zeller,2015,18.9,6.5,0.9,1.3,0
Zaza Pachulia,2015,15.6,4.2,0.4,1.0,0
Patrick Beverley,2015,11.3,3.5,0.1,0.9,0
Isaiah Thomas,2015,20.6,6.1,3.2,2.3,0
Jerryd Bayless,2015,11.1,2.4,-2.1,0.0,0
Jared Dudley,2015,12.3,4.1,0.6,1.1,0
Jamal Crawford,2015,16.6,3.6,0.7,1.2,0
O.J. Mayo,2015,13.5,2.8,-0.6,0.6,0
Nenê,2015,14.3,3.0,-0.8,0.5,0
Carlos Boozer,2015,16.4,2.2,-1.7,0.1,0
Taj Gibson,2015,16.1,4.8,-0.4,0.7,0
Devin Harris,2015,14.8,4.2,1.4,1.4,0
Tim Hardaway Jr.,2015,12.1,0.8,-2.8,-0.3,0
Wayne Ellington,2015,11.6,1.2,-2.3,-0.1,0
Ryan Anderson,2015,15.6,3.5,-0.3,0.7,0
Joe Ingles,2015,9.6,2.2,-1.2,0.3,0
Evan Fournier,2015,12.4,2.1,-1.8,0.1,0
Luis Scola,2015,16.8,4.4,-0.3,0.7,0
Nikola Mirotić,2015,17.9,5.7,2.3,1.8,0
Dante Cunningham,2015,8.9,1.6,-2.5,-0.2,0
Tony Allen,2015,14.6,4.1,1.6,1.5,0
Jae Crowder,2015,13.9,3.9,0.5,1.0,0
Jason Terry,2015,11.4,3.6,0.5,1.0,0
Robin Lopez,2015,16.2,5.1,0.1,0.9,0
Caron Butler,2015,9.3,2.4,-1.7,0.1,0
Kirk Hinrich,2015,6.8,1.0,-3.8,-0.7,0
Manu Ginóbili,2015,16.2,3.7,1.7,1.5,0
Michael Kidd-Gilchrist,2015,15.1,3.8,-0.5,0.6,0
Andrew Bogut,2015,15.8,5.2,2.4,1.8,0
Lance Stephenson,2015,8.8,-0.9,-4.5,-1.0,0
Jared Sullinger,2015,17.9,4.0,1.1,1.2,0
Darren Collison,2015,17.5,3.8,2.1,1.6,0
Trevor Booker,2015,15.3,3.6,-0.2,0.7,0
Austin Rivers,2015,10.3,1.5,-2.8,-0.3,0
Chris Bosh,2015,19.8,3.6,1.3,1.3,0
Iman Shumpert,2015,11.4,1.5,-0.9,0.4,0
Derrick Rose,2015,15.9,1.2,-0.6,0.6,0
Steve Blake,2015,9.5,2.1,-1.8,0.1,0
Alex Len,2015,13.5,3.4,-1.8,0.1,0
Dennis Schröder,2015,15.7,2.5,-1.3,0.2,0
Rasual Butler,2015,11.4,2.6,-0.8,0.4,0
James Harden,2016,25.3,13.3,6.6,6.8,0
Gordon Hayward,2016,18.3,8.9,2.6,3.3,0
Kemba Walker,2016,20.8,9.9,4.0,4.3,0
Trevor Ariza,2016,12.9,5.4,0.4,1.7,0
Marcus Morris,2016,12.7,5.4,-0.2,1.3,0
Khris Middleton,2016,16.8,6.1,0.6,1.9,0
Kyle Lowry,2016,22.2,11.6,5.8,5.7,0
Andrew Wiggins,2016,16.5,4.1,-1.3,0.5,0
Giannis Antetokounmpo,2016,18.8,7.1,2.1,2.9,0
Paul George,2016,20.9,9.2,4.9,4.9,0
Draymond Green,2016,19.3,11.1,5.5,5.3,0
DeMar DeRozan,2016,21.5,9.9,2.5,3.2,0
Kentavious Caldwell-Pope,2016,12.4,5.3,-0.3,1.2,0
John Wall,2016,19.8,5.7,3.5,3.9,0
CJ McCollum,2016,17.7,6.0,1.3,2.3,0
Russell Westbrook,2016,27.6,14.0,7.8,6.8,0
Monta Ellis,2016,13.7,4.3,0.1,1.5,0
LeBron James,2016,27.5,13.6,9.0,7.5,0
Joe Johnson,2016,12.0,2.7,-1.9,0.1,0
Joe Johnson,2016,10.7,0.7,-2.6,-0.3,0
Stephen Curry,2016,31.5,17.9,11.9,9.5,1
Damian Lillard,2016,22.2,9.2,4.4,4.3,0
Andre Drummond,2016,21.2,7.4,1.1,2.0,0
Klay Thompson,2016,18.6,8.0,1.8,2.5,0
Paul Millsap,2016,21.3,10.1,4.2,4.1,0
Isaiah Thomas,2016,21.5,9.7,4.3,4.2,0
Wesley Matthews,2016,10.9,3.7,-1.0,0.6,0
Al Horford,2016,19.4,9.4,3.8,3.9,0
Karl-Anthony Towns,2016,22.5,8.3,2.2,2.7,0
DeAndre Jordan,2016,20.6,11.5,2.8,3.2,0
Kevin Durant,2016,28.2,14.5,9.9,7.8,0
Evan Fournier,2016,14.6,5.7,-0.3,1.1,0
Jordan Clarkson,2016,14.3,2.1,-1.6,0.2,0
Rodney Hood,2016,14.1,6.0,0.7,1.7,0
P.J. Tucker,2016,10.8,3.5,-1.2,0.5,0
Rajon Rondo,2016,16.9,4.6,1.0,1.9,0
Avery Bradley,2016,13.2,4.8,-0.1,1.2,0
Carmelo Anthony,2016,20.3,6.4,3.3,3.4,0
George Hill,2016,13.2,6.2,0.7,1.7,0
Tobias Harris,2016,16.2,6.6,1.5,2.2,0
Tobias Harris,2016,15.0,3.3,0.6,1.0,0
Serge Ibaka,2016,13.9,5.5,-0.6,0.8,0
Jimmy Butler,2016,21.3,9.1,4.4,3.9,0
Brook Lopez,2016,21.7,6.2,1.3,2.1,0
Nicolas Batum,2016,15.6,5.0,1.2,2.0,0
Gary Harris,2016,12.7,4.0,-0.9,0.7,0
Reggie Jackson,2016,19.6,6.9,2.7,2.8,0
Kevin Love,2016,19.0,8.5,3.3,3.3,0
Chris Paul,2016,26.2,12.7,7.9,6.0,0
Jabari Parker,2016,14.8,3.6,-2.0,0.0,0
Thaddeus Young,2016,17.5,4.1,0.0,1.2,0
Kyle Korver,2016,9.7,4.1,-1.0,0.6,0
Luol Deng,2016,15.0,6.4,0.8,1.7,0
Kawhi Leonard,2016,26.0,13.7,9.1,6.7,0
Victor Oladipo,2016,16.7,4.9,1.7,2.3,0
Rudy Gay,2016,15.5,3.8,-0.3,1.0,0
Arron Afflalo,2016,10.9,2.7,-2.9,-0.5,0
Dirk Nowitzki,2016,19.0,6.8,2.5,2.7,0
Goran Dragić,2016,15.5,4.7,-0.4,1.0,0
J.R. Smith,2016,12.4,5.5,0.5,1.5,0
Will Barton,2016,16.0,4.3,0.8,1.7,0
Al-Farouq Aminu,2016,12.7,4.0,0.1,1.2,0
Marvin Williams,2016,16.9,7.8,2.7,2.7,0
Courtney Lee,2016,11.5,3.9,-1.0,0.6,0
Ricky Rubio,2016,17.6,5.8,1.8,2.3,0
Greg Monroe,2016,21.8,7.5,2.1,2.4,0
Jae Crowder,2016,15.8,7.3,2.2,2.5,0
Zach LaVine,2016,14.3,2.6,-1.5,0.3,0
Pau Gasol,2016,21.7,7.1,4.9,4.0,0
Julius Randle,2016,13.9,1.6,-3.2,-0.7,0
Dwight Howard,2016,18.9,6.6,0.1,1.2,0
Otto Porter Jr.,2016,14.5,5.6,1.1,1.8,0
Evan Turner,2016,13.6,4.0,0.0,1.1,0
Tristan Thompson,2016,15.9,8.7,0.2,1.2,0
LaMarcus Aldridge,2016,22.4,10.1,2.3,2.5,0
D'Angelo Russell,2016,13.2,0.0,-2.3,-0.1,0
Dwyane Wade,2016,20.3,4.9,1.9,2.2,0
Marcin Gortat,2016,19.0,7.3,0.6,1.5,0
Jeff Teague,2016,17.9,5.9,1.3,1.9,0
Jeff Green,2016,13.0,3.1,-1.8,0.1,0
Jeff Green,2016,13.4,2.2,-1.4,0.2,0
DeMarcus Cousins,2016,23.6,5.7,3.3,3.0,0
Ish Smith,2016,14.9,1.3,-1.6,0.2,0
Ish Smith,2016,14.4,0.4,-2.3,-0.1,0
Justise Winslow,2016,8.4,2.5,-2.6,-0.3,0
Gorgui Dieng,2016,17.1,5.9,0.8,1.5,0
Robin Lopez,2016,17.6,5.8,-0.2,1.0,0
Darren Collison,2016,15.9,5.2,0.1,1.2,0
Raymond Felton,2016,11.9,2.7,-1.6,0.2,0
Matt Barnes,2016,11.7,2.6,-0.9,0.6,0
Anthony Davis,2016,25.0,7.2,3.9,3.2,0
Hollis Thompson,2016,9.2,1.2,-3.4,-0.7,0
Dion Waiters,2016,9.4,2.1,-2.8,-0.4,0
Elfrid Payton,2016,13.9,2.2,-1.2,0.4,0
Jamal Crawford,2016,14.0,3.3,-1.4,0.3,0
Hassan Whiteside,2016,25.6,10.3,4.1,3.3,0
Bojan Bogdanović,2016,10.7,0.9,-3.5,-0.8,0
Devin Booker,2016,11.9,1.9,-2.8,-0.5,0
Deron Williams,2016,14.6,3.7,-0.3,0.9,0
Allen Crabbe,2016,12.2,4.3,-1.0,0.5,0
Jared Dudley,2016,11.7,4.6,-0.1,1.0,0
JJ Redick,2016,17.5,6.7,2.2,2.2,0
Derrick Rose,2016,13.4,0.4,-2.5,-0.3,0
Mason Plumlee,2016,17.2,6.1,1.5,1.9,0
Kent Bazemore,2016,13.4,4.1,0.3,1.2,0
Emmanuel Mudiay,2016,9.9,-2.1,-4.2,-1.2,0
Jerami Grant,2016,12.6,2.1,-1.7,0.1,0
Danny Green,2016,10.5,4.2,1.1,1.6,0
Jeremy Lin,2016,13.8,3.5,-0.9,0.5,0
Kristaps Porziņģis,2016,17.7,4.4,0.9,1.5,0
Cory Joseph,2016,12.4,3.5,-1.2,0.4,0
Harrison Barnes,2016,12.3,4.9,-1.3,0.3,0
Patrick Beverley,2016,13.0,4.4,0.2,1.1,0
Nikola Vučević,2016,21.1,5.2,1.9,2.0,0
Langston Galloway,2016,11.7,3.3,-1.0,0.5,0
José Calderón,2016,12.3,4.0,-0.6,0.7,0
Patrick Patterson,2016,10.6,3.6,-0.1,1.0,0
Zach Randolph,2016,18.3,4.3,-0.3,0.9,0
Steven Adams,2016,15.5,6.5,0.2,1.1,0
Ryan Anderson,2016,17.2,3.9,-0.2,0.9,0
Zaza Pachulia,2016,16.2,6.0,-0.2,0.9,0
Derrick Favors,2016,21.6,7.1,3.3,2.6,0
Tony Parker,2016,16.2,5.8,0.4,1.2,0
Dante Cunningham,2016,8.6,2.1,-2.8,-0.4,0
Isaiah Canaan,2016,11.1,1.4,-2.4,-0.2,0
Nerlens Noel,2016,16.2,3.0,-0.2,0.9,0
Garrett Temple,2016,9.3,2.7,-2.1,0.0,0
Taj Gibson,2016,15.7,5.4,0.0,1.0,0
Rudy Gobert,2016,17.5,6.4,2.2,2.0,0
Jared Sullinger,2016,16.7,4.8,0.6,1.3,0
Lou Williams,2016,17.7,4.7,1.3,1.6,0
Robert Covington,2016,13.2,2.0,-0.9,0.5,0
Ersan İlyasova,2016,14.2,4.4,-0.2,0.9,0
Omri Casspi,2016,13.9,3.6,0.1,1.0,0
Roy Hibbert,2016,11.2,2.2,-3.2,-0.6,0
Brandon Knight,2016,14.7,1.7,-0.6,0.6,0
Matthew Dellavedova,2016,11.3,3.8,-1.2,0.4,0
Aaron Gordon,2016,17.0,5.4,1.0,1.4,0
Kobe Bryant,2016,14.9,-0.4,-1.6,0.2,0
Doug McDermott,2016,10.9,2.8,-2.9,-0.4,0
Danilo Gallinari,2016,19.0,6.3,2.7,2.2,0
Jrue Holiday,2016,19.7,3.4,2.1,1.9,0
Alex Len,2016,12.4,1.3,-4.3,-1.0,0
Ian Mahinmi,2016,16.6,6.2,0.9,1.4,0
Nik Stauskas,2016,9.2,0.5,-3.8,-0.8,0
Bismack Biyombo,2016,14.9,5.9,-0.2,0.8,0
Amir Johnson,2016,16.0,5.9,1.2,1.4,0
Chandler Parsons,2016,16.2,4.3,2.0,1.8,0
Marc Gasol,2016,17.7,3.7,1.7,1.7,0
Chris Bosh,2016,20.2,6.4,4.0,2.7,0
Cody Zeller,2016,16.1,6.3,-0.1,0.9,0
Mike Conley,2016,19.4,5.3,3.0,2.2,0
Thabo Sefolosha,2016,12.4,4.5,0.8,1.3,0
Shane Larkin,2016,13.3,1.4,-2.0,0.0,0
Terrence Ross,2016,12.9,3.6,0.3,1.0,0
Nikola Jokić,2016,21.5,6.7,3.9,2.6,0
Andre Iguodala,2016,12.2,4.4,1.1,1.4,0
Enes Freedom,2016,24.0,8.1,1.2,1.4,0
Frank Kaminsky,2016,12.5,3.3,-0.8,0.5,0
Bradley Beal,2016,15.5,2.7,0.3,1.0,0
Kenneth Faried,2016,21.0,5.5,0.3,1.0,0
Stanley Johnson,2016,8.7,0.6,-3.3,-0.5,0
Mirza Teletović,2016,16.2,3.8,1.3,1.4,0
Ed Davis,2016,18.7,6.7,1.9,1.6,0
Shabazz Muhammad,2016,15.2,2.7,-2.5,-0.2,0
Marco Belinelli,2016,9.4,0.5,-3.8,-0.8,0
Corey Brewer,2016,9.9,1.2,-2.9,-0.4,0
Ramon Sessions,2016,15.9,3.8,-0.3,0.7,0
J.J. Barea,2016,15.4,2.8,0.0,0.9,0
Marcus Smart,2016,11.3,2.9,-1.0,0.4,0
Kyrie Irving,2016,19.9,5.0,2.3,1.8,0
Wesley Johnson,2016,11.0,2.6,-0.2,0.8,0
Patty Mills,2016,14.6,4.8,1.5,1.5,0
Michael Carter-Williams,2016,13.9,1.2,-0.7,0.5,0
Nikola Mirotić,2016,15.6,3.9,1.5,1.5,0
Randy Foye,2016,7.6,0.4,-3.3,-0.5,0
Luis Scola,2016,13.6,3.3,-1.1,0.4,0
Trevor Booker,2016,14.4,4.3,0.0,0.8,0
Alonzo Gee,2016,8.4,1.9,-2.6,-0.2,0
Markieff Morris,2016,12.2,0.5,-2.4,-0.2,0
Dennis Schröder,2016,15.5,2.2,-0.8,0.5,0
Tony Allen,2016,12.9,2.4,-1.0,0.4,0
Tyson Chandler,2016,14.7,3.8,-1.1,0.4,0
Wayne Ellington,2016,10.1,0.8,-2.8,-0.3,0
T.J. McConnell,2016,14.5,1.9,-1.2,0.3,0
Lavoy Allen,2016,12.4,3.7,-1.6,0.2,0
Jahlil Okafor,2016,17.1,1.2,-2.3,-0.1,0
Gerald Green,2016,10.1,1.7,-3.1,-0.4,0
Jonas Valančiūnas,2016,22.6,6.9,1.7,1.4,0
Andre Roberson,2016,10.2,3.4,0.5,1.0,0
Tim Duncan,2016,16.9,5.2,3.0,2.0,0
Shaun Livingston,2016,13.8,4.6,0.3,0.9,0
Darrell Arthur,2016,12.5,2.3,-0.8,0.4,0
Jordan Hill,2016,16.4,3.9,-0.7,0.5,0
Jerryd Bayless,2016,12.4,2.4,-0.8,0.4,0
Andrew Wiggins,2017,16.5,4.2,-1.7,0.2,0
Karl-Anthony Towns,2017,25.9,12.7,4.7,5.2,0
James Harden,2017,27.4,15.0,8.7,8.0,0
Giannis Antetokounmpo,2017,26.1,12.4,7.3,6.7,0
John Wall,2017,23.2,8.8,4.7,4.8,0
Jimmy Butler,2017,25.1,13.8,7.3,6.6,0
Harrison Barnes,2017,16.3,4.6,-0.8,0.8,0
Russell Westbrook,2017,30.6,13.1,11.1,9.3,1
CJ McCollum,2017,19.9,7.6,2.0,2.8,0
LeBron James,2017,27.0,12.9,7.6,6.7,0
Trevor Ariza,2017,12.3,6.0,1.0,2.1,0
Rudy Gobert,2017,23.3,14.3,4.4,4.4,0
Kemba Walker,2017,21.3,8.1,4.1,4.2,0
Devin Booker,2017,14.6,2.0,-1.9,0.1,0
Anthony Davis,2017,27.5,11.0,5.9,5.4,0
Damian Lillard,2017,24.1,10.4,5.0,4.8,0
Paul George,2017,20.2,7.1,3.1,3.4,0
Bradley Beal,2017,20.1,8.5,3.3,3.5,0
Jeff Teague,2017,19.2,8.1,2.2,2.8,0
Gorgui Dieng,2017,14.2,5.7,-0.1,1.3,0
Klay Thompson,2017,17.4,7.1,0.8,1.9,0
Stephen Curry,2017,24.6,12.6,6.9,5.9,0
DeMar DeRozan,2017,24.0,9.0,3.0,3.3,0
Nicolas Batum,2017,15.8,4.6,0.8,1.9,0
Otto Porter Jr.,2017,17.3,9.4,3.3,3.5,0
DeAndre Jordan,2017,21.8,11.8,3.3,3.5,0
Isaiah Thomas,2017,26.5,12.5,6.7,5.6,0
Tobias Harris,2017,16.9,6.8,1.6,2.3,0
Marcus Morris,2017,12.4,3.9,-1.1,0.6,0
Marcin Gortat,2017,15.4,6.8,-0.8,0.8,0
Myles Turner,2017,18.5,8.0,1.1,2.0,0
Carmelo Anthony,2017,17.9,4.7,0.7,1.7,0
Marc Gasol,2017,20.3,7.7,5.2,4.6,0
Kentavious Caldwell-Pope,2017,12.8,4.5,-0.2,1.1,0
Kyrie Irving,2017,23.0,8.9,3.4,3.4,0
Gordon Hayward,2017,22.2,10.4,5.0,4.5,0
Hassan Whiteside,2017,22.6,9.5,1.5,2.2,0
Wesley Matthews,2017,11.9,3.1,-0.8,0.8,0
Dennis Schröder,2017,16.1,3.7,0.0,1.3,0
Kawhi Leonard,2017,27.6,13.6,9.4,7.1,0
Draymond Green,2017,16.5,8.2,4.9,4.3,0
Ricky Rubio,2017,16.8,6.1,0.9,1.8,0
DeMarcus Cousins,2017,25.8,7.6,6.8,5.5,0
DeMarcus Cousins,2017,26.5,6.0,7.2,4.4,0
Courtney Lee,2017,12.2,4.2,-0.9,0.7,0
Goran Dragić,2017,19.8,7.5,2.6,2.9,0
Serge Ibaka,2017,16.4,5.1,0.1,1.2,0
Serge Ibaka,2017,17.5,3.8,0.7,1.2,0
Elfrid Payton,2017,17.2,4.4,0.8,1.7,0
Andre Drummond,2017,20.9,6.7,1.0,1.8,0
Marcus Smart,2017,12.0,3.2,-1.3,0.4,0
Jordan Clarkson,2017,13.2,1.2,-2.5,-0.3,0
Steven Adams,2017,16.5,6.5,-0.2,1.1,0
Andre Roberson,2017,9.6,4.2,-1.0,0.6,0
Solomon Hill,2017,8.0,2.7,-2.7,-0.4,0
Markieff Morris,2017,13.7,4.1,-1.5,0.3,0
Michael Kidd-Gilchrist,2017,14.3,5.8,-0.7,0.7,0
Paul Millsap,2017,17.9,6.4,2.1,2.4,0
Tony Snell,2017,9.7,3.4,-1.7,0.2,0
Tristan Thompson,2017,15.3,7.3,-0.7,0.7,0
LaMarcus Aldridge,2017,18.6,7.2,0.8,1.7,0
Jae Crowder,2017,14.9,6.7,0.9,1.7,0
Eric Gordon,2017,13.2,3.8,-0.1,1.1,0
Aaron Gordon,2017,14.5,3.7,-1.0,0.6,0
Marvin Williams,2017,13.7,5.0,0.0,1.1,0
Mike Conley,2017,23.2,10.0,6.8,5.1,0
Brandon Ingram,2017,8.5,-0.3,-4.4,-1.4,0
Robin Lopez,2017,14.4,4.3,-2.2,-0.1,0
Allen Crabbe,2017,11.6,4.2,-1.3,0.4,0
Kyle Lowry,2017,22.9,10.1,6.1,4.6,0
Thaddeus Young,2017,14.9,4.6,0.5,1.4,0
P.J. Tucker,2017,10.5,3.6,-0.3,1.0,0
P.J. Tucker,2017,10.6,2.4,-0.6,0.6,0
Evan Fournier,2017,13.9,2.8,-1.3,0.4,0
Maurice Harkless,2017,13.1,4.2,-0.6,0.8,0
Brook Lopez,2017,20.4,4.9,2.3,2.4,0
Victor Oladipo,2017,13.6,4.0,-0.5,0.8,0
Dwight Howard,2017,20.8,8.3,1.4,1.9,0
JJ Redick,2017,14.8,4.8,0.4,1.4,0
Wilson Chandler,2017,14.9,3.5,-1.0,0.5,0
Al Horford,2017,17.7,6.3,3.4,3.0,0
Jrue Holiday,2017,17.1,3.8,1.3,1.8,0
Nik Stauskas,2017,9.0,1.4,-2.8,-0.5,0
Tyler Johnson,2017,15.9,5.8,1.4,1.8,0
Eric Bledsoe,2017,20.5,5.3,3.6,3.1,0
Kristaps Porziņģis,2017,17.4,4.5,0.3,1.3,0
Nikola Vučević,2017,19.1,4.0,1.4,1.9,0
Jamal Crawford,2017,12.0,1.9,-2.1,0.0,0
Tim Hardaway Jr.,2017,15.2,4.8,0.5,1.4,0
Mason Plumlee,2017,18.1,6.0,2.0,2.2,0
Mason Plumlee,2017,18.9,4.6,2.8,1.8,0
Ersan İlyasova,2017,14.6,4.1,0.1,1.1,0
Danilo Gallinari,2017,17.4,6.8,1.4,1.9,0
T.J. McConnell,2017,13.7,3.8,-1.0,0.5,0
Julius Randle,2017,16.3,3.5,-0.9,0.6,0
Dario Šarić,2017,12.8,1.0,-2.3,-0.2,0
Robert Covington,2017,13.2,3.1,0.2,1.1,0
Ryan Anderson,2017,13.5,5.2,-0.4,0.9,0
JaMychal Green,2017,13.5,5.8,-0.8,0.6,0
James Johnson,2017,17.0,5.1,2.8,2.5,0
Bojan Bogdanović,2017,13.5,2.9,-2.2,-0.1,0
Derrick Rose,2017,17.0,3.0,-1.0,0.5,0
Blake Griffin,2017,22.6,7.7,4.7,3.5,0
Kevin Durant,2017,27.6,12.0,8.9,5.7,0
Jonas Valančiūnas,2017,20.1,7.9,0.3,1.2,0
Darren Collison,2017,15.3,3.9,-0.9,0.6,0
Patrick Beverley,2017,13.0,5.3,1.1,1.6,0
Austin Rivers,2017,11.4,2.5,-2.2,-0.1,0
T.J. Warren,2017,15.6,4.1,-0.6,0.7,0
Jameer Nelson,2017,11.5,2.8,-2.0,0.0,0
Nikola Jokić,2017,26.3,9.7,7.3,4.8,0
Seth Curry,2017,15.5,4.6,1.2,1.7,0
Cory Joseph,2017,13.2,3.4,-1.3,0.4,0
Andre Iguodala,2017,14.3,6.9,2.5,2.3,0
Monta Ellis,2017,9.9,1.1,-2.9,-0.5,0
Lou Williams,2017,21.4,6.1,3.9,3.0,0
Taj Gibson,2017,15.0,4.0,-1.5,0.2,0
Taj Gibson,2017,15.4,3.3,-1.2,0.3,0
Matthew Dellavedova,2017,9.4,1.2,-4.2,-1.1,0
Malcolm Brogdon,2017,14.9,4.1,-0.4,0.8,0
Joe Ingles,2017,12.4,5.0,1.6,1.8,0
Rodney McGruder,2017,9.1,2.9,-1.9,0.0,0
Kent Bazemore,2017,11.6,2.1,-1.0,0.5,0
Ish Smith,2017,14.7,3.1,0.3,1.1,0
Terrence Ross,2017,13.4,3.5,-0.2,0.9,0
Frank Kaminsky,2017,13.0,2.3,-1.2,0.4,0
Jon Leuer,2017,14.2,4.5,-0.1,1.0,0
Iman Shumpert,2017,9.0,2.0,-2.3,-0.1,0
Chris Paul,2017,26.2,10.6,8.7,5.2,0
Tony Allen,2017,13.3,3.1,-1.0,0.5,0
Buddy Hield,2017,11.8,1.3,-2.0,0.0,0
Kevin Love,2017,21.1,6.4,2.1,1.9,0
DeMarre Carroll,2017,11.9,3.8,0.0,1.0,0
Joe Johnson,2017,12.8,3.8,0.4,1.1,0
Rajon Rondo,2017,13.6,2.3,-0.5,0.7,0
Avery Bradley,2017,14.4,3.1,-0.6,0.7,0
Greg Monroe,2017,21.1,5.6,1.8,1.7,0
E'Twaun Moore,2017,12.1,2.7,-1.6,0.2,0
D'Angelo Russell,2017,15.3,1.3,-0.8,0.6,0
Danny Green,2017,10.1,3.4,0.8,1.3,0
Brandon Jennings,2017,12.1,1.7,-2.4,-0.2,0
Vince Carter,2017,11.7,4.0,0.8,1.3,0
Bismack Biyombo,2017,12.2,2.9,-3.2,-0.6,0
Dwyane Wade,2017,18.5,3.4,2.5,2.1,0
Luc Mbah a Moute,2017,10.2,3.1,-0.2,0.8,0
Zach Randolph,2017,18.5,3.2,-0.5,0.7,0
Gary Harris,2017,16.5,4.6,0.7,1.2,0
Marco Belinelli,2017,13.3,3.2,-1.1,0.4,0
Matt Barnes,2017,10.3,2.0,-1.4,0.3,0
C.J. Miles,2017,13.8,4.0,0.5,1.1,0
Al-Farouq Aminu,2017,11.3,1.9,-1.1,0.4,0
Jamal Murray,2017,11.9,1.3,-2.0,0.0,0
Rondae Hollis-Jefferson,2017,13.7,2.6,-1.3,0.3,0
Patty Mills,2017,15.2,5.1,1.6,1.6,0
Trevor Booker,2017,15.7,3.1,-0.6,0.6,0
Sean Kilpatrick,2017,13.1,1.4,-2.3,-0.1,0
Kyle Korver,2017,12.1,3.7,0.0,0.9,0
Zach LaVine,2017,14.6,3.0,0.1,0.9,0
Marquese Chriss,2017,12.3,1.8,-2.2,-0.1,0
Ty Lawson,2017,15.4,3.2,-1.0,0.4,0
Garrett Temple,2017,11.2,2.2,-0.8,0.5,0
Jabari Parker,2017,19.1,4.0,0.7,1.2,0
Cody Zeller,2017,16.7,5.6,0.2,1.0,0
Will Barton,2017,15.5,3.3,0.2,1.0,0
Raymond Felton,2017,10.9,1.9,-1.3,0.3,0
Nikola Mirotić,2017,14.5,3.8,0.7,1.1,0
Gerald Henderson,2017,10.8,2.0,-3.1,-0.5,0
Evan Turner,2017,11.4,1.2,-2.5,-0.2,0
Deron Williams,2017,14.0,2.4,-1.8,0.1,0
Dante Cunningham,2017,10.2,3.0,-1.6,0.2,0
Isaiah Whitehead,2017,7.6,-0.8,-5.1,-1.3,0
Dorian Finney-Smith,2017,7.7,1.4,-2.6,-0.3,0
Justin Holiday,2017,12.7,2.5,-0.3,0.7,0
Domantas Sabonis,2017,6.9,0.8,-4.5,-1.0,0
Pau Gasol,2017,20.2,6.4,4.0,2.5,0
Richard Jefferson,2017,8.3,2.1,-3.1,-0.4,0
Josh Richardson,2017,10.7,2.2,-1.1,0.4,0
Amir Johnson,2017,15.0,5.0,0.6,1.1,0
Kelly Oubre Jr.,2017,9.1,2.0,-3.2,-0.5,0
Patrick Patterson,2017,10.8,3.3,0.1,0.8,0
Thabo Sefolosha,2017,11.9,3.3,0.4,1.0,0
Rodney Hood,2017,12.4,2.6,-0.9,0.4,0
Tony Parker,2017,13.0,3.0,-2.6,-0.2,0
Arron Afflalo,2017,8.9,1.4,-3.6,-0.7,0
Alex Len,2017,15.0,3.0,-2.3,-0.1,0
Nick Young,2017,14.1,3.2,-0.1,0.7,0
Clint Capela,2017,21.4,5.9,1.2,1.2,0
George Hill,2017,19.3,5.9,3.8,2.3,0
D.J. Augustin,2017,11.0,1.2,-3.0,-0.4,0
Kelly Olynyk,2017,15.3,4.1,0.3,0.9,0
Jeff Green,2017,10.5,0.7,-3.6,-0.6,0
Enes Freedom,2017,23.7,5.8,1.7,1.4,0
Jerami Grant,2017,10.1,2.9,-1.3,0.3,0
Tim Frazier,2017,12.4,2.4,-2.7,-0.3,0
Sergio Rodríguez,2017,11.1,0.7,-2.7,-0.3,0
Shabazz Muhammad,2017,14.9,2.7,-2.4,-0.1,0
Doug McDermott,2017,10.7,2.6,-2.3,-0.1,0
James Ennis III,2017,10.6,3.1,-1.2,0.3,0
Wayne Ellington,2017,12.6,3.3,-0.1,0.7,0
LeBron James,2018,28.6,14.0,8.7,8.2,0
Khris Middleton,2018,17.4,6.9,0.0,1.5,0
Andrew Wiggins,2018,13.0,2.1,-2.4,-0.3,0
Bradley Beal,2018,18.4,6.9,2.2,3.1,0
Jrue Holiday,2018,17.8,7.1,1.6,2.7,0
CJ McCollum,2018,16.9,6.6,1.2,2.4,0
Karl-Anthony Towns,2018,24.9,14.0,5.1,5.2,0
Russell Westbrook,2018,24.7,10.1,6.3,6.1,0
Paul George,2018,18.7,8.9,2.9,3.6,0
Giannis Antetokounmpo,2018,27.3,11.9,6.2,5.7,0
Kemba Walker,2018,20.6,8.6,4.0,4.2,0
Ben Simmons,2018,20.0,9.2,4.5,4.5,0
Anthony Davis,2018,28.9,13.7,6.7,5.9,0
Taj Gibson,2018,15.4,7.2,-0.5,1.0,0
DeMar DeRozan,2018,21.0,9.6,2.8,3.2,0
Josh Richardson,2018,13.6,5.4,0.7,1.8,0
Will Barton,2018,16.2,6.2,1.1,2.1,0
Damian Lillard,2018,25.2,12.6,7.2,6.3,0
Tobias Harris,2018,17.1,6.7,1.9,2.6,0
Tobias Harris,2018,16.7,4.1,1.7,1.5,0
Donovan Mitchell,2018,16.7,5.2,1.2,2.2,0
Harrison Barnes,2018,15.8,3.8,-0.5,1.0,0
Andre Drummond,2018,22.9,10.3,3.2,3.4,0
Thaddeus Young,2018,14.8,5.5,0.2,1.4,0
Lou Williams,2018,20.2,6.7,2.3,2.8,0
E'Twaun Moore,2018,12.1,4.4,-1.6,0.3,0
Joe Ingles,2018,14.4,7.6,2.3,2.8,0
Jamal Murray,2018,16.1,5.5,-0.3,1.1,0
Victor Oladipo,2018,23.1,8.2,5.8,5.0,0
James Harden,2018,29.8,15.4,9.9,7.7,1
Robert Covington,2018,12.9,6.1,1.5,2.3,0
Kyle Lowry,2018,19.5,10.2,5.2,4.5,0
LaMarcus Aldridge,2018,25.0,10.9,3.9,3.7,0
Klay Thompson,2018,16.0,4.9,-0.4,1.0,0
Carmelo Anthony,2018,12.7,3.7,-1.9,0.0,0
Steven Adams,2018,20.6,9.7,1.1,2.0,0
Taurean Prince,2018,12.8,2.0,-1.1,0.6,0
Bojan Bogdanović,2018,13.9,5.4,-0.7,0.8,0
Dwight Howard,2018,20.5,6.8,-0.1,1.2,0
Kentavious Caldwell-Pope,2018,13.2,5.3,0.3,1.4,0
Jayson Tatum,2018,15.2,7.1,1.2,2.0,0
Nikola Jokić,2018,24.4,10.7,6.9,5.5,0
Otto Porter Jr.,2018,18.3,8.1,3.5,3.4,0
DeAndre Jordan,2018,20.2,9.4,1.4,2.1,0
Marc Gasol,2018,17.4,4.0,2.3,2.7,0
Kyle Kuzma,2018,14.2,3.8,-0.7,0.8,0
Goran Dragić,2018,16.6,5.3,0.3,1.4,0
Dillon Brooks,2018,9.8,1.2,-4.0,-1.2,0
Wilson Chandler,2018,10.9,3.3,-2.1,-0.1,0
Kevin Durant,2018,26.0,10.4,7.3,5.5,0
Eric Bledsoe,2018,19.7,5.6,2.5,2.6,0
Eric Bledsoe,2018,20.0,5.7,2.8,2.7,0
Jeff Teague,2018,16.4,4.9,0.4,1.4,0
Dario Šarić,2018,15.8,6.6,1.3,1.9,0
Courtney Lee,2018,13.0,3.9,-0.3,1.0,0
Spencer Dinwiddie,2018,15.9,5.7,0.6,1.5,0
Gary Harris,2018,16.5,5.5,0.8,1.7,0
Draymond Green,2018,16.1,6.1,2.8,2.8,0
Yogi Ferrell,2018,11.4,3.0,-1.4,0.4,0
P.J. Tucker,2018,8.3,3.9,-1.1,0.5,0
Al Horford,2018,17.6,7.8,4.4,3.7,0
Trevor Ariza,2018,11.8,5.3,0.7,1.5,0
Justin Holiday,2018,10.8,1.7,-1.9,0.0,0
Ricky Rubio,2018,15.4,5.3,0.7,1.6,0
J.R. Smith,2018,8.4,1.4,-3.0,-0.6,0
Kelly Oubre Jr.,2018,11.9,3.7,-1.7,0.2,0
Cory Joseph,2018,11.0,3.1,-1.5,0.3,0
Allen Crabbe,2018,12.3,3.2,-0.7,0.7,0
Julius Randle,2018,19.9,6.6,0.6,1.4,0
DeMarre Carroll,2018,14.3,4.1,0.2,1.2,0
Bogdan Bogdanović,2018,13.5,2.9,-1.5,0.3,0
Jimmy Butler,2018,23.7,8.9,5.8,4.2,0
Eric Gordon,2018,15.2,4.7,0.4,1.3,0
Derrick Favors,2018,18.8,8.0,1.5,1.9,0
Jaylen Brown,2018,13.6,4.5,-0.5,0.8,0
T.J. Warren,2018,17.6,3.4,-0.7,0.7,0
Wesley Matthews,2018,11.4,2.6,-0.9,0.6,0
JJ Redick,2018,15.9,6.6,1.1,1.7,0
Patty Mills,2018,11.8,4.1,-1.0,0.5,0
Denzel Valentine,2018,12.1,2.5,-1.0,0.5,0
Serge Ibaka,2018,14.7,5.1,-0.1,1.0,0
Jae Crowder,2018,10.4,2.6,-2.5,-0.3,0
Jusuf Nurkić,2018,19.2,4.7,0.0,1.1,0
Dennis Schröder,2018,17.3,2.6,-0.6,0.7,0
Marcin Gortat,2018,14.7,4.9,-0.6,0.8,0
Al-Farouq Aminu,2018,12.0,4.2,0.4,1.3,0
Dragan Bender,2018,7.1,0.1,-3.7,-0.9,0
Terry Rozier,2018,15.1,5.6,2.1,2.1,0
Austin Rivers,2018,12.6,2.4,-1.2,0.4,0
Tony Snell,2018,8.5,2.4,-2.3,-0.1,0
Tyler Johnson,2018,13.0,4.2,-0.3,0.9,0
Dennis Smith Jr.,2018,12.8,-0.7,-2.4,-0.2,0
Willie Cauley-Stein,2018,17.6,3.9,-0.1,1.0,0
Ish Smith,2018,15.4,4.4,0.0,1.0,0
Wayne Ellington,2018,12.5,4.5,0.4,1.2,0
Evan Turner,2018,9.8,2.6,-2.5,-0.3,0
Clint Capela,2018,24.5,10.2,3.4,2.8,0
Jonathon Simmons,2018,12.7,1.9,-3.1,-0.5,0
De'Aaron Fox,2018,11.2,-0.6,-4.2,-1.1,0
Buddy Hield,2018,16.1,2.8,1.0,1.5,0
Lauri Markkanen,2018,15.6,3.3,-0.2,0.9,0
Darren Collison,2018,18.8,7.6,2.7,2.4,0
Marvin Williams,2018,13.9,5.0,1.0,1.5,0
Nicolas Batum,2018,14.4,3.5,0.4,1.2,0
Kyle Anderson,2018,15.9,6.2,2.9,2.4,0
Joe Harris,2018,13.3,4.0,0.1,1.0,0
Brandon Ingram,2018,13.8,2.8,-1.2,0.4,0
John Henson,2018,15.7,4.9,-0.9,0.5,0
Blake Griffin,2018,19.6,4.9,3.4,2.7,0
Markieff Morris,2018,13.2,3.3,-1.3,0.4,0
Jeremy Lamb,2018,17.0,4.9,1.6,1.8,0
Josh Jackson,2018,11.8,-0.7,-4.2,-1.1,0
Marco Belinelli,2018,14.1,3.7,-0.5,0.8,0
Darius Miller,2018,9.3,3.0,-1.9,0.1,0
James Johnson,2018,15.8,5.0,1.6,1.7,0
Kyrie Irving,2018,25.0,8.9,7.3,4.5,0
Rondae Hollis-Jefferson,2018,16.9,4.1,0.1,1.0,0
Joel Embiid,2018,22.9,6.2,3.3,2.6,0
Aaron Gordon,2018,16.5,2.9,0.3,1.1,0
Dirk Nowitzki,2018,16.7,4.8,2.3,2.1,0
Stanley Johnson,2018,9.0,1.8,-2.9,-0.4,0
Jordan Clarkson,2018,16.4,3.0,0.1,1.0,0
Tim Hardaway Jr.,2018,14.4,2.6,-0.6,0.7,0
Devin Booker,2018,18.1,2.4,0.9,1.4,0
Caris LeVert,2018,14.2,2.3,-0.8,0.6,0
Lance Stephenson,2018,12.4,1.8,-1.8,0.1,0
Michael Kidd-Gilchrist,2018,12.5,3.3,-2.1,-0.1,0
Chris Paul,2018,24.4,10.2,7.1,4.2,0
Evan Fournier,2018,15.5,3.3,-0.6,0.7,0
Myles Turner,2018,16.6,4.7,-0.2,0.8,0
Frank Kaminsky,2018,14.4,3.6,-0.2,0.8,0
Enes Freedom,2018,24.0,7.5,2.2,1.9,0
Jeff Green,2018,14.8,3.9,-1.8,0.1,0
Rudy Gobert,2018,20.7,8.1,3.4,2.5,0
Pau Gasol,2018,18.9,6.0,3.4,2.5,0
George Hill,2018,13.3,3.2,-0.8,0.6,0
Domantas Sabonis,2018,17.5,4.7,-1.1,0.4,0
Elfrid Payton,2018,16.5,2.8,-0.2,0.8,0
Danny Green,2018,11.3,2.9,0.4,1.1,0
Kent Bazemore,2018,14.5,2.2,0.6,1.2,0
John Collins,2018,18.3,5.4,-0.2,0.8,0
Lonzo Ball,2018,12.5,2.0,1.0,1.3,0
Kelly Olynyk,2018,17.8,5.5,2.3,1.9,0
Doug McDermott,2018,10.4,2.3,-2.2,-0.1,0
D.J. Augustin,2018,15.4,4.1,-0.2,0.8,0
Anthony Tolliver,2018,13.9,5.3,0.9,1.3,0
Dejounte Murray,2018,15.1,3.2,0.5,1.1,0
DeMarcus Cousins,2018,22.6,4.7,4.7,2.9,0
Brook Lopez,2018,16.5,3.8,0.9,1.3,0
Reggie Bullock,2018,13.6,4.2,0.7,1.2,0
Ersan İlyasova,2018,14.9,4.0,-0.6,0.6,0
Jonas Valančiūnas,2018,22.5,7.6,2.4,1.9,0
Ryan Anderson,2018,12.6,4.8,0.1,0.9,0
Frank Ntilikina,2018,7.0,-0.9,-5.0,-1.3,0
T.J. McConnell,2018,12.5,3.8,0.0,0.9,0
Rajon Rondo,2018,15.3,3.6,-0.3,0.7,0
Robin Lopez,2018,14.7,1.9,-2.2,-0.1,0
Jerian Grant,2018,14.3,3.3,-1.3,0.3,0
Nikola Vučević,2018,19.7,3.6,2.7,2.0,0
Justise Winslow,2018,11.5,2.6,-1.1,0.4,0
Pascal Siakam,2018,14.5,4.7,1.3,1.4,0
Dwight Powell,2018,18.8,6.6,1.6,1.5,0
Jarell Martin,2018,10.5,1.3,-4.0,-0.8,0
Tyler Ulis,2018,10.1,-0.2,-4.4,-1.0,0
Mario Hezonja,2018,13.7,2.3,-0.5,0.6,0
Jamal Crawford,2018,13.0,1.3,-2.3,-0.1,0
Michael Beasley,2018,17.8,2.4,-0.2,0.7,0
Kevin Love,2018,22.4,6.4,3.3,2.2,0
Jerami Grant,2018,16.2,5.4,0.3,1.0,0
David Nwaba,2018,12.2,2.4,-2.5,-0.2,0
Bobby Portis,2018,19.7,3.5,0.8,1.2,0
Tomáš Satoranský,2018,15.4,5.0,1.2,1.3,0
Stephen Curry,2018,28.2,9.1,7.7,4.0,0
Troy Daniels,2018,9.8,1.4,-2.6,-0.3,0
Andre Iguodala,2018,11.2,3.2,-0.3,0.7,0
Rodney Hood,2018,14.3,2.7,-0.1,0.8,0
Garrett Temple,2018,10.3,1.2,-2.5,-0.2,0
Marcus Smart,2018,10.8,1.9,-1.2,0.3,0
Tyreke Evans,2018,21.1,4.2,4.5,2.6,0
James Ennis III,2018,11.6,3.1,-1.2,0.3,0
J.J. Barea,2018,17.8,3.3,1.2,1.3,0
Kyle Korver,2018,13.4,3.4,0.2,0.9,0
Luc Mbah a Moute,2018,10.3,2.8,-0.2,0.7,0
Dante Cunningham,2018,10.0,2.4,-1.7,0.1,0
Kristaps Porziņģis,2018,20.4,3.2,1.8,1.5,0
Jarrett Jack,2018,11.5,1.2,-2.8,-0.3,0
Dewayne Dedmon,2018,15.8,3.7,0.1,0.8,0
JaMychal Green,2018,14.0,2.6,-2.3,-0.1,0
Dwyane Wade,2018,15.0,1.1,-1.0,0.4,0
Shabazz Napier,2018,14.2,3.2,0.7,1.0,0
Marquese Chriss,2018,11.1,0.7,-2.8,-0.3,0
Kris Dunn,2018,14.5,0.9,-1.3,0.3,0
Jakob Poeltl,2018,17.5,5.6,0.4,0.9,0
Fred VanVleet,2018,15.9,4.7,2.4,1.7,0
Bryn Forbes,2018,9.1,2.1,-3.1,-0.4,0
Zach Randolph,2018,17.3,1.5,-1.0,0.4,0
Justin Jackson,2018,9.2,1.0,-3.5,-0.6,0
Bradley Beal,2019,20.8,7.6,2.9,3.7,0
James Harden,2019,30.6,15.2,11.0,9.3,0
Kemba Walker,2019,21.7,7.4,4.2,4.4,0
Tobias Harris,2019,17.2,7.1,1.6,2.6,0
Tobias Harris,2019,18.2,5.0,2.4,2.1,0
Paul George,2019,23.3,11.9,7.2,6.6,0
Damian Lillard,2019,23.7,12.1,6.4,6.0,0
P.J. Tucker,2019,9.2,5.0,-0.6,1.0,0
Kevin Durant,2019,24.2,11.5,5.5,5.1,0
Ben Simmons,2019,20.0,8.2,3.6,3.8,0
DeMar DeRozan,2019,19.6,6.3,1.1,2.2,0
LaMarcus Aldridge,2019,22.9,9.3,1.8,2.6,0
Steven Adams,2019,18.5,9.1,1.1,2.1,0
Klay Thompson,2019,16.6,5.3,-0.3,1.2,0
Andre Drummond,2019,23.4,10.0,2.1,2.7,0
Aaron Gordon,2019,15.1,5.1,0.6,1.7,0
Russell Westbrook,2019,21.1,6.8,5.2,4.7,0
Blake Griffin,2019,21.0,8.0,5.1,4.7,0
Buddy Hield,2019,17.5,5.9,2.1,2.7,0
Jerami Grant,2019,13.8,7.3,0.2,1.5,0
Justin Holiday,2019,10.0,2.1,-1.8,0.1,0
Collin Sexton,2019,12.0,-0.6,-4.7,-1.8,0
Donovan Mitchell,2019,17.2,5.0,1.3,2.2,0
Rudy Gobert,2019,24.6,14.4,5.4,4.8,0
Bojan Bogdanović,2019,16.1,6.8,0.7,1.7,0
Joe Ingles,2019,13.4,6.0,1.4,2.2,0
Evan Fournier,2019,12.3,3.2,-2.4,-0.3,0
Pascal Siakam,2019,18.7,9.3,2.4,2.8,0
De'Aaron Fox,2019,18.1,5.6,1.5,2.3,0
Karl-Anthony Towns,2019,26.3,10.4,6.0,5.1,0
Andrew Wiggins,2019,12.4,0.6,-3.0,-0.6,0
Josh Richardson,2019,14.0,5.6,0.3,1.5,0
Harrison Barnes,2019,12.8,3.6,-1.4,0.4,0
Harrison Barnes,2019,13.1,1.9,-1.2,0.3,0
Nikola Vučević,2019,25.5,10.1,6.6,5.5,0
Nikola Jokić,2019,26.3,11.8,9.1,7.0,0
Trae Young,2019,17.0,3.3,-0.6,0.9,0
Thaddeus Young,2019,16.2,6.9,1.5,2.2,0
Jayson Tatum,2019,15.1,5.0,-0.2,1.1,0
D'Angelo Russell,2019,19.4,5.0,3.4,3.4,0
Jamal Murray,2019,16.0,5.1,0.6,1.6,0
Cedi Osman,2019,11.5,1.5,-3.2,-0.8,0
Marc Gasol,2019,16.7,6.0,3.1,3.1,0
Marc Gasol,2019,16.9,3.9,3.2,2.3,0
Mikal Bridges,2019,10.8,2.9,-1.6,0.3,0
Jrue Holiday,2019,19.4,5.4,3.0,3.1,0
Khris Middleton,2019,16.5,6.1,0.8,1.7,0
JJ Redick,2019,15.1,5.9,0.2,1.3,0
CJ McCollum,2019,17.0,5.6,1.0,1.8,0
Giannis Antetokounmpo,2019,30.9,14.4,10.4,7.4,1
Nicolas Batum,2019,11.9,3.7,-0.3,1.0,0
Trevor Ariza,2019,12.1,2.5,-1.3,0.4,0
Mike Conley,2019,21.4,8.0,4.7,3.9,0
Stephen Curry,2019,24.4,9.7,6.6,5.1,0
Brook Lopez,2019,14.6,6.7,2.2,2.4,0
Luka Dončić,2019,19.6,4.9,3.9,3.4,0
Dennis Schröder,2019,12.7,2.9,-2.0,0.0,0
Kyle Kuzma,2019,14.0,3.1,-1.4,0.4,0
Bryn Forbes,2019,12.0,3.8,-1.2,0.5,0
Joe Harris,2019,13.5,5.5,0.5,1.4,0
Al-Farouq Aminu,2019,13.2,5.8,0.7,1.5,0
Reggie Jackson,2019,15.2,5.0,0.4,1.4,0
Eric Bledsoe,2019,19.3,8.2,3.1,2.9,0
D.J. Augustin,2019,15.7,6.9,0.5,1.4,0
Jeremy Lamb,2019,17.3,5.3,1.2,1.8,0
Clint Capela,2019,23.8,10.8,3.0,2.8,0
Devin Booker,2019,20.2,3.5,1.0,1.7,0
Julius Randle,2019,20.9,6.1,1.5,2.0,0
Danny Green,2019,13.0,5.9,2.0,2.2,0
Jordan Clarkson,2019,16.8,1.8,-0.5,0.8,0
Kyrie Irving,2019,24.3,9.1,7.2,5.1,0
Willie Cauley-Stein,2019,18.0,6.7,1.2,1.8,0
Kyle Lowry,2019,16.5,6.6,2.3,2.4,0
Marcus Smart,2019,13.1,5.3,0.8,1.5,0
Jimmy Butler,2019,20.2,7.9,3.7,3.2,0
Jimmy Butler,2019,19.8,6.6,3.1,2.4,0
Deandre Ayton,2019,20.5,5.8,0.2,1.2,0
Shai Gilgeous-Alexander,2019,13.4,3.3,-0.5,0.8,0
Zach LaVine,2019,18.7,2.8,0.8,1.5,0
Jae Crowder,2019,12.1,4.4,0.3,1.2,0
Tomáš Satoranský,2019,14.1,4.7,-0.7,0.7,0
Montrezl Harrell,2019,23.4,8.7,3.3,2.9,0
Kevin Knox,2019,8.7,-1.3,-5.7,-2.0,0
Eric Gordon,2019,12.2,2.6,-1.3,0.4,0
Joel Embiid,2019,26.1,8.7,4.9,3.8,0
Terrence Ross,2019,15.4,4.3,0.8,1.5,0
Darren Collison,2019,16.7,6.8,1.8,2.1,0
Patrick Beverley,2019,11.8,4.8,0.9,1.5,0
Marvin Williams,2019,12.6,3.8,-0.3,0.9,0
Myles Turner,2019,18.0,6.3,2.5,2.4,0
Jeff Green,2019,13.6,3.6,-1.4,0.3,0
Jarrett Allen,2019,18.5,7.6,1.6,1.9,0
Marcus Morris,2019,14.2,4.5,-0.9,0.6,0
Wesley Matthews,2019,10.3,2.7,-1.8,0.1,0
Draymond Green,2019,12.9,4.3,1.4,1.8,0
Cory Joseph,2019,11.0,3.5,-0.4,0.9,0
Danilo Gallinari,2019,21.0,8.2,4.3,3.3,0
Tim Hardaway Jr.,2019,13.6,1.8,-2.0,0.0,0
Kevin Huerter,2019,10.1,1.5,-2.4,-0.2,0
DeAndre Jordan,2019,19.0,7.1,2.1,2.1,0
DeAndre Jordan,2019,18.0,5.3,1.7,1.4,0
Kawhi Leonard,2019,25.8,9.5,7.2,4.7,0
Garrett Temple,2019,8.5,2.2,-2.8,-0.4,0
Garrett Temple,2019,8.6,1.6,-2.7,-0.3,0
Kentavious Caldwell-Pope,2019,12.9,4.0,-0.5,0.8,0
Austin Rivers,2019,7.7,1.2,-4.3,-1.1,0
Dario Šarić,2019,13.1,3.5,-1.6,0.2,0
Dario Šarić,2019,14.3,3.3,-0.8,0.5,0
Serge Ibaka,2019,18.7,6.1,0.2,1.2,0
Damyean Dotson,2019,10.8,1.5,-2.6,-0.3,0
Jonathan Isaac,2019,13.0,4.0,-0.4,0.8,0
Lou Williams,2019,21.2,5.1,2.2,2.1,0
Josh Jackson,2019,10.6,-1.7,-4.6,-1.3,0
Dorian Finney-Smith,2019,11.0,3.3,-1.4,0.3,0
Jusuf Nurkić,2019,23.4,7.8,3.7,2.8,0
Al Horford,2019,20.2,7.5,5.1,3.6,0
Monte Morris,2019,16.2,6.2,1.5,1.7,0
Ryan Arcidiacono,2019,11.6,3.7,-1.9,0.1,0
Justise Winslow,2019,12.8,2.8,-0.6,0.7,0
Bogdan Bogdanović,2019,14.1,2.7,-0.6,0.7,0
LeBron James,2019,25.6,7.2,8.0,4.9,0
Kelly Oubre Jr.,2019,15.2,2.2,-1.2,0.4,0
DeAndre' Bembry,2019,10.8,0.9,-2.4,-0.2,0
Terrance Ferguson,2019,6.4,2.8,-3.8,-0.9,0
Spencer Dinwiddie,2019,16.3,4.8,0.6,1.3,0
Bam Adebayo,2019,17.9,6.8,1.8,1.8,0
Jaylen Brown,2019,13.5,3.0,-2.1,0.0,0
Patty Mills,2019,13.2,3.5,-0.3,0.8,0
Avery Bradley,2019,7.6,0.3,-3.7,-0.8,0
Ricky Rubio,2019,14.0,3.7,-0.2,0.9,0
Paul Millsap,2019,17.9,6.1,1.7,1.8,0
Rodney Hood,2019,12.3,2.6,-2.0,0.0,0
Dwyane Wade,2019,15.8,2.4,0.6,1.2,0
Malik Beasley,2019,14.2,4.5,0.1,1.0,0
Reggie Bullock,2019,10.5,3.1,-1.1,0.4,0
Gordon Hayward,2019,15.6,4.9,0.8,1.3,0
Chris Paul,2019,19.7,6.6,3.9,2.8,0
Anthony Davis,2019,30.3,9.5,9.4,5.3,0
Rudy Gay,2019,17.5,4.4,1.4,1.6,0
Domantas Sabonis,2019,21.9,7.6,3.1,2.4,0
Malcolm Brogdon,2019,17.8,6.5,2.2,1.9,0
John Collins,2019,21.8,6.0,0.9,1.3,0
Marco Belinelli,2019,11.9,2.5,-1.7,0.1,0
Kelly Olynyk,2019,14.4,4.7,0.7,1.2,0
Landry Shamet,2019,11.0,3.6,-1.6,0.2,0
Larry Nance Jr.,2019,18.6,4.9,2.4,2.0,0
Terry Rozier,2019,12.9,3.2,-0.2,0.8,0
Nemanja Bjelica,2019,15.4,4.5,0.9,1.3,0
Derrick Favors,2019,21.8,7.9,3.3,2.4,0
Fred VanVleet,2019,13.7,4.3,0.5,1.1,0
Brandon Ingram,2019,13.4,2.0,-2.0,0.0,0
Josh Okogie,2019,9.4,1.2,-3.1,-0.5,0
Darius Miller,2019,8.4,1.6,-2.9,-0.4,0
Langston Galloway,2019,10.7,3.4,-1.5,0.2,0
Mason Plumlee,2019,17.8,5.8,2.1,1.8,0
Derrick White,2019,14.8,3.6,0.9,1.3,0
Jabari Parker,2019,15.5,1.4,-1.5,0.2,0
Noah Vonleh,2019,13.9,3.2,-0.7,0.6,0
Josh Hart,2019,9.3,2.1,-1.3,0.3,0
DeMarre Carroll,2019,12.1,3.1,-1.5,0.2,0
Delon Wright,2019,15.5,4.3,1.5,1.5,0
Miles Bridges,2019,13.1,2.9,-0.8,0.5,0
Taj Gibson,2019,17.8,5.1,-0.1,0.8,0
Otto Porter Jr.,2019,15.9,3.2,0.9,1.2,0
Lauri Markkanen,2019,17.1,2.7,-0.2,0.7,0
Hassan Whiteside,2019,23.5,6.3,2.3,1.8,0
Royce O'Neale,2019,9.0,3.3,-0.5,0.6,0
JaVale McGee,2019,21.8,5.9,1.4,1.4,0
Dwight Powell,2019,20.4,7.5,2.9,2.1,0
Kent Bazemore,2019,11.9,0.7,-2.3,-0.1,0
Enes Freedom,2019,22.3,5.4,1.0,1.2,0
Gary Harris,2019,12.2,2.6,-1.6,0.2,0
Dāvis Bertāns,2019,13.0,4.0,1.3,1.4,0
Justin Jackson,2019,11.3,2.9,-1.6,0.2,0
Dewayne Dedmon,2019,16.0,4.0,0.5,1.0,0
Emmanuel Mudiay,2019,14.6,0.8,-2.0,0.0,0
Robin Lopez,2019,15.9,2.7,-1.9,0.0,0
Evan Turner,2019,11.6,2.0,-1.3,0.3,0
Jalen Brunson,2019,12.8,2.6,-1.7,0.1,0
Andre Iguodala,2019,13.1,4.2,1.8,1.5,0
Marvin Bagley III,2019,18.9,3.6,-1.0,0.4,0
Tyus Jones,2019,13.7,3.0,-0.6,0.6,0
Taurean Prince,2019,11.9,1.5,-2.0,0.0,0
Rodney McGruder,2019,9.4,1.9,-2.3,-0.1,0
Alex Len,2019,17.2,3.2,-1.2,0.3,0
Tyler Johnson,2019,12.4,2.3,-0.4,0.6,0
Jaren Jackson Jr.,2019,16.4,3.3,-0.3,0.7,0
Dennis Smith Jr.,2019,12.3,0.0,-1.9,0.0,0
Torrey Craig,2019,10.4,3.0,-1.9,0.0,0
Maxi Kleber,2019,13.1,3.5,0.4,0.9,0
CJ McCollum,2020,17.0,4.1,0.5,1.6,0
Devin Booker,2020,20.6,7.5,2.2,2.6,0
James Harden,2020,29.1,13.1,9.6,7.3,0
Harrison Barnes,2020,13.3,4.6,-1.3,0.5,0
Damian Lillard,2020,26.9,11.6,7.5,5.9,0
Tobias Harris,2020,17.2,6.2,0.8,1.8,0
P.J. Tucker,2020,8.3,4.0,-1.9,0.1,0
Shai Gilgeous-Alexander,2020,17.7,6.1,1.7,2.2,0
Bam Adebayo,2020,20.3,8.5,3.4,3.3,0
Donovan Mitchell,2020,18.8,5.4,1.9,2.3,0
Nikola Jokić,2020,24.9,9.8,7.4,5.5,0
Rudy Gobert,2020,21.7,10.7,3.6,3.3,0
DeMar DeRozan,2020,21.6,7.3,1.9,2.3,0
LeBron James,2020,25.5,9.8,8.4,6.1,0
Jayson Tatum,2020,20.4,6.9,4.0,3.4,0
Buddy Hield,2020,16.0,3.0,1.1,1.7,0
Devonte' Graham,2020,15.8,3.4,0.5,1.4,0
Chris Paul,2020,21.7,8.9,4.4,3.5,0
T.J. Warren,2020,18.4,6.5,1.1,1.7,0
Duncan Robinson,2020,13.1,5.3,0.5,1.3,0
Terry Rozier,2020,14.8,3.0,-0.4,0.8,0
Domantas Sabonis,2020,20.7,7.5,3.2,2.9,0
Collin Sexton,2020,16.3,2.5,-1.8,0.1,0
Joe Ingles,2020,12.6,4.8,0.7,1.5,0
Robert Covington,2020,13.3,3.7,0.0,1.1,0
Anthony Davis,2020,27.4,11.1,8.0,5.4,0
Joe Harris,2020,13.3,4.3,-0.2,1.0,0
Dorian Finney-Smith,2020,12.3,4.9,-0.2,0.9,0
Trae Young,2020,23.9,5.9,3.9,3.1,0
Jrue Holiday,2020,17.0,3.9,1.8,2.0,0
Dillon Brooks,2020,11.3,1.2,-4.1,-1.1,0
Pascal Siakam,2020,17.9,5.4,1.8,2.0,0
Brandon Ingram,2020,18.8,5.1,2.1,2.2,0
Kyle Lowry,2020,17.7,7.5,3.2,2.8,0
Tim Hardaway Jr.,2020,14.5,4.4,-0.1,1.0,0
Zach LaVine,2020,19.4,4.0,2.5,2.4,0
Bojan Bogdanović,2020,15.6,4.2,0.1,1.1,0
Julius Randle,2020,17.5,2.7,-0.3,0.9,0
Evan Fournier,2020,16.4,4.6,1.0,1.6,0
Ja Morant,2020,17.4,3.8,0.3,1.2,0
OG Anunoby,2020,13.2,5.7,1.2,1.7,0
Bradley Beal,2020,23.2,5.1,2.9,2.5,0
Royce O'Neale,2020,9.5,4.3,0.9,1.5,0
Russell Westbrook,2020,21.0,4.2,1.5,1.8,0
Luka Dončić,2020,27.6,8.8,8.4,5.4,0
Mikal Bridges,2020,12.9,4.8,0.8,1.5,0
Al Horford,2020,15.7,5.4,2.2,2.2,0
Lonzo Ball,2020,13.1,2.4,0.6,1.3,0
De'Andre Hunter,2020,8.6,0.1,-4.7,-1.4,0
Aaron Gordon,2020,15.1,3.7,0.0,1.0,0
Ben Simmons,2020,20.4,6.9,3.6,2.8,0
Ricky Rubio,2020,16.5,4.9,1.0,1.5,0
Nemanja Bjelica,2020,15.7,5.3,1.8,1.9,0
Hassan Whiteside,2020,25.0,8.5,3.2,2.6,0
Dennis Schröder,2020,16.7,3.6,-0.1,1.0,0
Nikola Vučević,2020,21.9,6.4,4.2,3.1,0
Markelle Fultz,2020,14.3,2.7,-1.8,0.1,0
Miles Bridges,2020,12.1,1.6,-2.5,-0.3,0
Spencer Dinwiddie,2020,17.8,4.8,1.8,1.9,0
Kendrick Nunn,2020,12.9,2.0,-2.3,-0.1,0
Jimmy Butler,2020,23.6,9.0,5.4,3.7,0
Marcus Morris,2020,14.3,3.6,-0.1,0.9,0
Jaylen Brown,2020,16.9,4.9,0.8,1.4,0
Kelly Oubre Jr.,2020,14.9,3.8,-0.5,0.7,0
Fred VanVleet,2020,16.3,5.8,2.7,2.3,0
Marcus Smart,2020,13.8,4.5,1.4,1.6,0
Giannis Antetokounmpo,2020,31.9,11.1,11.5,6.6,1
Will Barton,2020,15.6,4.2,1.1,1.5,0
Danuel House Jr.,2020,11.3,3.6,-0.7,0.6,0
Cedi Osman,2020,10.7,1.6,-2.6,-0.3,0
Jamal Murray,2020,17.7,4.3,1.2,1.5,0
Carmelo Anthony,2020,12.4,1.3,-3.6,-0.8,0
Jerami Grant,2020,14.4,4.4,-0.5,0.7,0
Maxi Kleber,2020,13.6,4.8,0.4,1.1,0
Terrence Ross,2020,14.0,3.0,-0.4,0.8,0
Andre Drummond,2020,22.0,4.2,0.9,1.4,0
Andre Drummond,2020,22.1,4.0,1.1,1.3,0
Tomáš Satoranský,2020,13.5,3.5,-1.2,0.4,0
Jae Crowder,2020,12.5,3.8,-0.1,0.9,0
Lou Williams,2020,17.3,4.1,0.7,1.3,0
Andrew Wiggins,2020,16.4,1.9,-0.3,0.8,0
Taurean Prince,2020,9.1,0.6,-2.9,-0.4,0
Khris Middleton,2020,21.1,7.9,4.1,2.9,0
Jarrett Allen,2020,20.7,8.2,2.3,2.0,0
Kawhi Leonard,2020,26.9,8.7,8.9,5.1,0
Jonas Valančiūnas,2020,22.2,7.0,2.4,2.0,0
Danilo Gallinari,2020,19.5,6.3,3.3,2.4,0
Justin Holiday,2020,12.1,4.2,1.3,1.5,0
Myles Turner,2020,14.8,4.2,0.1,1.0,0
Darius Garland,2020,8.5,-1.3,-5.5,-1.7,0
Brook Lopez,2020,15.0,5.5,2.0,1.9,0
Kristaps Porziņģis,2020,20.2,5.2,1.9,1.8,0
Ish Smith,2020,13.9,1.9,-1.3,0.3,0
Glenn Robinson III,2020,13.3,2.9,-1.7,0.1,0
Glenn Robinson III,2020,13.1,2.1,-1.7,0.1,0
Troy Brown Jr.,2020,13.7,2.4,-1.2,0.3,0
Gary Harris,2020,9.7,1.9,-2.5,-0.2,0
Kevin Love,2020,17.9,3.8,2.0,1.8,0
Bogdan Bogdanović,2020,15.2,3.1,0.6,1.2,0
Kentavious Caldwell-Pope,2020,11.0,3.7,-0.8,0.5,0
Kevin Huerter,2020,11.5,1.6,-1.6,0.2,0
Cory Joseph,2020,10.1,2.3,-2.0,0.0,0
P.J. Washington,2020,12.4,2.0,-1.6,0.2,0
Josh Hart,2020,11.9,3.1,-0.7,0.6,0
LaMarcus Aldridge,2020,19.7,4.5,1.4,1.5,0
Alec Burks,2020,16.7,3.7,0.5,1.1,0
Montrezl Harrell,2020,23.2,7.0,2.9,2.2,0
Kemba Walker,2020,20.0,5.9,4.6,2.9,0
Gordon Hayward,2020,18.1,5.7,2.7,2.0,0
Garrett Temple,2020,10.5,2.4,-1.1,0.4,0
Tristan Thompson,2020,16.8,3.1,-1.5,0.2,0
Jordan Clarkson,2020,17.3,3.4,1.1,1.3,0
RJ Barrett,2020,10.7,-0.5,-4.3,-1.0,0
Langston Galloway,2020,12.3,3.1,-0.8,0.5,0
Josh Richardson,2020,12.0,2.1,-1.8,0.1,0
Kent Bazemore,2020,9.3,0.6,-3.0,-0.5,0
Danny Green,2020,10.8,3.4,0.5,1.1,0
Dejounte Murray,2020,16.2,2.6,0.4,1.0,0
Steven Adams,2020,20.5,6.5,2.9,2.1,0
Derrick White,2020,16.4,4.2,1.3,1.4,0
Coby White,2020,11.9,0.9,-2.9,-0.4,0
Malcolm Brogdon,2020,17.7,4.0,1.8,1.6,0
Goran Dragić,2020,16.3,3.5,-0.1,0.8,0
Eric Paschall,2020,14.5,2.1,-2.7,-0.3,0
Eric Bledsoe,2020,17.6,5.4,1.8,1.6,0
Tony Snell,2020,9.7,2.6,-1.8,0.1,0
Monte Morris,2020,14.9,3.8,-0.2,0.7,0
Wesley Matthews,2020,8.1,3.2,-1.8,0.1,0
Bruce Brown,2020,11.9,2.1,-1.2,0.3,0
De'Aaron Fox,2020,20.6,4.0,1.8,1.6,0
Dario Šarić,2020,14.2,3.6,-0.4,0.7,0
Jaren Jackson Jr.,2020,16.3,3.5,0.4,1.0,0
Ben McLemore,2020,11.8,3.3,-0.5,0.6,0
Aaron Holiday,2020,11.6,2.1,-1.6,0.2,0
Austin Rivers,2020,10.4,2.4,-2.5,-0.2,0
Thaddeus Young,2020,13.3,1.9,-1.2,0.3,0
Dāvis Bertāns,2020,15.5,3.5,0.9,1.1,0
JJ Redick,2020,15.4,4.1,0.7,1.1,0
Bryn Forbes,2020,11.1,1.5,-2.7,-0.3,0
Seth Curry,2020,15.5,4.3,0.8,1.2,0
Delon Wright,2020,15.4,4.4,1.9,1.5,0
Daniel Theis,2020,17.9,6.5,2.4,1.7,0
Furkan Korkmaz,2020,12.0,2.8,-1.3,0.3,0
Cam Reddish,2020,9.0,-0.4,-4.2,-0.9,0
Josh Okogie,2020,11.5,2.2,-2.4,-0.2,0
Kyle Kuzma,2020,12.2,2.0,-2.6,-0.2,0
Donte DiVincenzo,2020,14.1,4.3,1.3,1.3,0
Tyler Herro,2020,12.5,1.6,-1.6,0.1,0
Jarrett Culver,2020,9.6,-0.1,-4.0,-0.8,0
Joel Embiid,2020,25.8,6.0,4.7,2.5,0
Julius Randle,2021,19.7,7.8,3.8,3.9,0
RJ Barrett,2021,13.4,4.1,-1.2,0.5,0
Nikola Jokić,2021,31.3,15.6,12.1,8.8,0
Buddy Hield,2021,12.8,2.2,-0.6,0.9,0
Damian Lillard,2021,25.6,10.4,6.3,5.0,0
Terry Rozier,2021,17.1,5.2,1.6,2.2,0
Russell Westbrook,2021,19.5,3.7,3.7,3.4,0
Andrew Wiggins,2021,15.0,3.9,-0.4,1.0,0
Mikal Bridges,2021,16.4,8.0,3.3,3.1,0
Nikola Vučević,2021,22.9,6.3,5.3,4.4,0
Nikola Vučević,2021,23.5,3.9,5.9,3.0,0
Anthony Edwards,2021,13.9,0.8,-2.1,-0.1,0
Jayson Tatum,2021,21.3,6.5,3.9,3.4,0
Devin Booker,2021,19.2,4.9,0.3,1.3,0
Khris Middleton,2021,18.2,6.4,1.3,1.9,0
Duncan Robinson,2021,11.0,3.7,-1.0,0.6,0
Luka Dončić,2021,25.3,7.7,6.8,5.1,0
Robert Covington,2021,11.2,3.7,0.2,1.2,0
Royce O'Neale,2021,9.9,5.6,1.0,1.7,0
Domantas Sabonis,2021,20.6,6.9,3.8,3.3,0
Bojan Bogdanović,2021,14.0,5.2,-0.4,0.9,0
Norman Powell,2021,16.2,4.7,0.4,1.3,0
Chris Paul,2021,21.4,9.2,4.6,3.6,0
Rudy Gobert,2021,23.5,11.3,4.9,3.8,0
Justin Holiday,2021,10.4,3.1,-1.0,0.6,0
Isaac Okoro,2021,7.9,0.9,-5.1,-1.7,0
Coby White,2021,12.0,2.4,-2.4,-0.2,0
Stephen Curry,2021,26.3,9.0,8.7,5.8,0
Bradley Beal,2021,22.7,5.9,3.4,2.9,0
Bam Adebayo,2021,22.7,8.8,4.9,3.7,0
Joe Harris,2021,14.1,5.2,0.4,1.3,0
Dejounte Murray,2021,16.5,3.3,0.8,1.5,0
Kevin Huerter,2021,12.2,3.6,-0.3,1.0,0
Trae Young,2021,23.0,7.2,3.7,3.0,0
Deandre Ayton,2021,20.3,8.4,1.2,1.7,0
Collin Sexton,2021,18.0,3.5,-0.2,1.0,0
Eric Bledsoe,2021,11.5,2.3,-2.0,0.0,0
Harrison Barnes,2021,15.4,4.5,0.2,1.1,0
Brandon Ingram,2021,19.2,5.3,2.2,2.2,0
DeMar DeRozan,2021,22.0,7.4,3.1,2.6,0
Ja Morant,2021,16.7,3.2,-0.4,0.8,0
Jae'Sean Tate,2021,13.8,3.8,-1.4,0.3,0
De'Aaron Fox,2021,20.7,4.2,1.8,2.0,0
Zach LaVine,2021,21.5,5.9,4.0,3.1,0
Zion Williamson,2021,27.1,8.7,5.8,4.0,0
Tobias Harris,2021,20.0,7.1,3.7,2.9,0
Giannis Antetokounmpo,2021,29.2,10.2,9.0,5.6,0
Pascal Siakam,2021,17.7,4.2,0.8,1.4,0
Jaylen Brown,2021,19.9,4.8,2.5,2.3,0
Dillon Brooks,2021,12.1,1.4,-3.7,-0.9,0
Kelly Olynyk,2021,16.4,5.1,1.2,1.6,0
Tim Hardaway Jr.,2021,15.7,4.3,0.4,1.2,0
Patrick Williams,2021,10.5,2.5,-2.4,-0.2,0
Draymond Green,2021,13.3,4.6,1.7,1.9,0
Keldon Johnson,2021,13.8,3.3,-1.6,0.2,0
Dennis Schröder,2021,13.8,3.8,-1.1,0.4,0
Kyle Kuzma,2021,12.7,3.3,-0.4,0.8,0
P.J. Washington,2021,13.4,2.7,-0.9,0.6,0
Reggie Bullock,2021,11.1,4.6,-0.1,0.9,0
Danny Green,2021,12.1,4.6,1.9,1.9,0
Miles Bridges,2021,14.7,4.2,0.2,1.1,0
Malcolm Brogdon,2021,17.9,4.2,2.1,2.0,0
Dorian Finney-Smith,2021,12.0,4.4,0.1,1.0,0
Michael Porter Jr.,2021,20.6,6.9,3.1,2.5,0
Saddiq Bey,2021,12.6,3.3,-0.5,0.7,0
Jrue Holiday,2021,20.0,6.6,3.4,2.6,0
Brook Lopez,2021,15.4,5.3,0.0,0.9,0
Kentavious Caldwell-Pope,2021,10.7,4.2,-0.5,0.7,0
Fred VanVleet,2021,16.8,4.3,2.5,2.2,0
Clint Capela,2021,24.3,8.2,2.7,2.2,0
Kyle Anderson,2021,17.2,5.6,3.3,2.5,0
Kyrie Irving,2021,24.4,7.4,5.5,3.6,0
Ben Simmons,2021,18.3,6.0,2.9,2.3,0
Joe Ingles,2021,15.9,7.0,3.5,2.6,0
Jarrett Allen,2021,20.1,6.4,1.1,1.4,0
Jarrett Allen,2021,19.8,5.0,0.8,1.1,0
Dwayne Bacon,2021,9.9,0.5,-5.1,-1.5,0
John Collins,2021,20.6,6.7,2.3,2.0,0
Jakob Poeltl,2021,17.5,5.7,0.8,1.3,0
Jeff Green,2021,13.0,4.1,-0.8,0.5,0
Nicolas Batum,2021,12.9,5.0,2.1,1.9,0
Jerami Grant,2021,16.9,3.2,1.1,1.4,0
Paul George,2021,20.5,5.3,4.2,2.9,0
Jordan Clarkson,2021,17.1,4.2,1.4,1.6,0
Donte DiVincenzo,2021,13.0,3.6,0.2,1.0,0
Gary Trent Jr.,2021,12.1,1.7,-2.3,-0.1,0
Rui Hachimura,2021,11.4,2.1,-3.1,-0.5,0
T.J. McConnell,2021,16.9,4.8,1.4,1.5,0
Josh Richardson,2021,11.9,2.4,-1.7,0.1,0
Darius Garland,2021,14.2,1.2,-2.1,-0.1,0
Richaun Holmes,2021,20.2,6.1,0.6,1.2,0
Théo Maledon,2021,8.2,-0.8,-5.0,-1.3,0
Kawhi Leonard,2021,26.0,8.8,7.3,4.2,0
Ricky Rubio,2021,13.5,3.1,-1.9,0.0,0
Donovan Mitchell,2021,21.3,6.2,4.3,2.8,0
Enes Freedom,2021,22.4,7.5,0.6,1.2,0
Jonas Valančiūnas,2021,24.4,7.8,3.0,2.2,0
Delon Wright,2021,16.3,4.3,2.2,1.8,0
Lonzo Ball,2021,15.2,3.2,1.7,1.6,0
Tyrese Haliburton,2021,16.2,3.5,1.4,1.5,0
Jimmy Butler,2021,26.5,9.3,7.7,4.3,0
Will Barton,2021,11.8,2.2,-1.9,0.1,0
Darius Bazley,2021,9.7,-0.9,-4.4,-1.0,0
Jamal Murray,2021,18.3,4.6,2.0,1.7,0
Jalen Brunson,2021,17.1,5.1,0.9,1.2,0
Carmelo Anthony,2021,14.6,2.6,-1.1,0.4,0
Karl-Anthony Towns,2021,23.1,5.4,4.5,2.8,0
Kelly Oubre Jr.,2021,13.3,2.2,-1.9,0.0,0
Patty Mills,2021,11.8,2.2,-1.2,0.4,0
Devonte' Graham,2021,14.6,3.4,0.7,1.1,0
Thaddeus Young,2021,20.3,5.1,3.3,2.2,0
Kendrick Nunn,2021,14.2,2.9,-0.5,0.6,0
Jae Crowder,2021,11.8,3.3,1.1,1.3,0
Seth Curry,2021,12.9,4.0,-0.3,0.7,0
Tyler Herro,2021,13.3,1.7,-1.3,0.3,0
Doug McDermott,2021,15.6,3.8,-0.6,0.6,0
Ivica Zubac,2021,19.1,6.9,1.0,1.2,0
James Harden,2021,24.5,7.0,7.2,3.7,0
Steven Adams,2021,15.1,4.0,-0.3,0.7,0
Kyle Lowry,2021,16.5,4.1,1.6,1.5,0
Daniel Theis,2021,15.0,4.3,0.0,0.8,0
CJ McCollum,2021,20.8,4.7,3.9,2.4,0
Joel Embiid,2021,30.3,8.8,7.5,3.8,0
Marcus Smart,2021,13.8,3.3,-0.3,0.7,0
Montrezl Harrell,2021,22.7,7.3,3.0,2.0,0
Pat Connaughton,2021,11.3,3.5,0.0,0.8,0
Josh Jackson,2021,12.0,0.1,-3.0,-0.4,0
Nerlens Noel,2021,14.8,5.2,1.4,1.3,0
Reggie Jackson,2021,14.2,3.7,0.4,0.9,0
Luguentz Dort,2021,10.1,0.3,-3.5,-0.6,0
Khem Birch,2021,15.1,3.8,-1.0,0.4,0
Garrett Temple,2021,8.2,1.6,-3.0,-0.4,0
Lonnie Walker IV,2021,9.8,0.4,-3.7,-0.7,0
Desmond Bane,2021,12.2,2.9,-0.8,0.5,0
Solomon Hill,2021,6.7,1.3,-2.5,-0.2,0
Jaden McDaniels,2021,8.9,1.4,-3.5,-0.6,0
Cedi Osman,2021,10.3,0.5,-3.2,-0.5,0
LeBron James,2021,24.2,5.6,8.1,3.8,0
Marcus Morris,2021,14.5,3.6,0.0,0.8,0
Mikal Bridges,2022,14.4,8.9,1.6,2.6,0
Miles Bridges,2022,17.9,7.2,1.5,2.5,0
DeMar DeRozan,2022,23.1,8.8,2.5,3.1,0
Jayson Tatum,2022,21.8,9.6,5.0,4.8,0
Saddiq Bey,2022,14.0,4.0,-0.3,1.2,0
Tyrese Haliburton,2022,18.2,7.0,2.6,3.1,0
Tyrese Haliburton,2022,17.0,4.0,2.6,2.0,0
Russell Westbrook,2022,15.0,1.7,-1.6,0.2,0
Trae Young,2022,25.4,10.0,5.2,4.8,0
Tyrese Maxey,2022,16.2,7.3,0.6,1.8,0
Dorian Finney-Smith,2022,12.5,6.6,0.8,1.9,0
Scottie Barnes,2022,16.3,6.6,0.9,1.9,0
Harrison Barnes,2022,15.7,6.0,0.2,1.4,0
Pascal Siakam,2022,20.3,8.1,3.5,3.6,0
Julius Randle,2022,15.7,3.1,0.5,1.6,0
Tobias Harris,2022,15.9,5.6,0.0,1.3,0
Jalen Brunson,2022,17.1,7.5,0.9,1.9,0
Buddy Hield,2022,12.9,1.9,-1.2,0.5,0
Buddy Hield,2022,11.9,0.7,-1.3,0.3,0
Nikola Jokić,2022,32.8,15.2,13.7,9.8,0
Karl-Anthony Towns,2022,24.1,10.3,5.0,4.4,0
Anthony Edwards,2022,16.5,4.3,1.2,2.0,0
Fred VanVleet,2022,17.3,6.7,3.6,3.5,0
Terry Rozier,2022,17.6,5.9,1.7,2.3,0
Gary Trent Jr.,2022,14.7,5.6,0.2,1.3,0
Darius Garland,2022,19.0,6.3,2.6,2.8,0
Franz Wagner,2022,14.7,4.0,-0.7,0.8,0
LaMelo Ball,2022,19.7,5.8,3.4,3.3,0
James Harden,2022,20.9,7.6,4.0,3.7,0
James Harden,2022,20.4,4.4,4.1,2.5,0
Nikola Vučević,2022,18.2,4.5,0.9,1.8,0
RJ Barrett,2022,13.7,2.3,-1.6,0.2,0
Royce O'Neale,2022,10.3,5.5,0.8,1.7,0
Keldon Johnson,2022,15.2,4.9,-0.5,0.9,0
Aaron Gordon,2022,15.3,5.2,-0.6,0.9,0
Dejounte Murray,2022,22.3,7.3,5.4,4.4,0
Evan Fournier,2022,12.3,3.7,-0.7,0.7,0
Patty Mills,2022,10.4,2.8,-1.7,0.2,0
Devin Booker,2022,21.3,7.6,4.1,3.6,0
Reggie Jackson,2022,12.1,0.4,-3.0,-0.6,0
Herbert Jones,2022,12.3,4.6,-0.5,0.9,0
Evan Mobley,2022,16.1,5.2,0.6,1.5,0
Kentavious Caldwell-Pope,2022,12.6,2.8,-1.5,0.3,0
Andrew Wiggins,2022,15.0,5.1,0.4,1.4,0
Zach LaVine,2022,20.0,5.8,2.4,2.6,0
Alec Burks,2022,13.7,6.1,0.8,1.7,0
Terance Mann,2022,13.4,5.5,-0.6,0.8,0
Luka Dončić,2022,25.1,7.6,8.2,5.9,0
Joel Embiid,2022,31.2,12.0,9.2,6.5,0
Marcus Smart,2022,13.6,5.6,0.5,1.5,0
Jordan Poole,2022,16.1,6.0,1.0,1.7,0
Will Barton,2022,13.4,3.2,-0.5,0.9,0
Desmond Bane,2022,17.6,7.2,2.7,2.7,0
Donovan Mitchell,2022,21.6,7.2,4.3,3.6,0
Jonas Valančiūnas,2022,21.2,7.3,1.9,2.2,0
Monte Morris,2022,14.7,5.4,0.0,1.1,0
Jaylen Brown,2022,18.9,5.8,2.1,2.2,0
Stephen Curry,2022,21.4,8.0,5.8,4.4,0
Jrue Holiday,2022,19.8,6.9,3.2,2.9,0
Giannis Antetokounmpo,2022,32.1,12.9,11.2,7.4,0
Kyle Kuzma,2022,15.2,2.0,-0.2,1.0,0
Derrick White,2022,14.8,5.1,0.9,1.6,0
Kevin Huerter,2022,11.9,2.8,-1.2,0.4,0
Devonte' Graham,2022,12.1,2.8,-1.0,0.5,0
Tyler Herro,2022,16.2,3.8,0.7,1.5,0
CJ McCollum,2022,18.3,3.6,1.9,2.1,0
Jordan Clarkson,2022,14.9,3.5,-0.6,0.7,0
Khris Middleton,2022,18.1,5.3,1.6,1.9,0
Malik Monk,2022,14.4,3.6,-0.5,0.8,0
Chris Paul,2022,20.8,9.4,5.4,4.0,0
Jalen Green,2022,12.5,0.7,-2.9,-0.5,0
Domantas Sabonis,2022,21.9,7.1,4.1,3.2,0
Domantas Sabonis,2022,22.2,5.7,4.6,2.7,0
Seth Curry,2022,13.7,4.2,-0.6,0.8,0
Seth Curry,2022,13.3,2.9,-1.0,0.4,0
Kyle Lowry,2022,15.0,6.4,2.0,2.1,0
Bojan Bogdanović,2022,15.7,5.2,0.0,1.1,0
Jaren Jackson Jr.,2022,17.0,5.4,-0.1,1.0,0
Rudy Gobert,2022,24.7,11.7,4.6,3.6,0
Ayo Dosunmu,2022,11.2,3.0,-2.0,0.0,0
Christian Wood,2022,19.1,4.9,1.6,1.9,0
Cade Cunningham,2022,13.1,-0.5,-1.6,0.2,0
LeBron James,2022,26.2,7.5,7.7,5.1,0
De'Aaron Fox,2022,17.4,2.5,-0.6,0.7,0
D'Angelo Russell,2022,16.3,4.4,0.8,1.4,0
Davion Mitchell,2022,10.8,0.1,-3.8,-0.9,0
Cole Anthony,2022,13.5,1.6,-1.2,0.4,0
Mike Conley,2022,17.2,6.7,3.1,2.7,0
Justin Holiday,2022,9.5,1.4,-2.2,-0.1,0
Jae'Sean Tate,2022,14.3,3.0,-1.8,0.1,0
Kevin Durant,2022,25.6,8.4,7.2,4.8,0
Duncan Robinson,2022,10.6,3.9,-0.6,0.7,0
Clint Capela,2022,21.4,8.3,2.0,2.1,0
Bobby Portis,2022,17.7,5.5,0.2,1.1,0
Al Horford,2022,16.7,7.6,4.3,3.2,0
Steven Adams,2022,17.6,6.8,2.0,2.0,0
Kelly Oubre Jr.,2022,14.9,3.3,-1.4,0.3,0
Deni Avdija,2022,11.6,2.4,-1.7,0.1,0
P.J. Tucker,2022,11.3,5.0,0.6,1.3,0
Isaac Okoro,2022,10.4,4.2,-1.7,0.1,0
Spencer Dinwiddie,2022,15.1,4.1,0.3,1.1,0
Malik Beasley,2022,11.9,2.9,-0.7,0.7,0
Jakob Poeltl,2022,20.8,6.9,1.6,1.7,0
Shai Gilgeous-Alexander,2022,20.9,4.6,3.4,2.7,0
Robert Covington,2022,12.4,3.2,0.2,1.1,0
Devin Vassell,2022,13.3,3.3,-0.5,0.7,0
Jimmy Butler,2022,23.6,9.2,6.3,4.0,0
Darius Bazley,2022,12.6,1.8,-1.8,0.1,0
Luke Kennard,2022,13.3,4.5,0.5,1.2,0
Kevin Porter Jr.,2022,13.5,0.8,-1.6,0.2,0
Reggie Bullock,2022,9.2,3.2,-1.4,0.3,0
Ja Morant,2022,24.4,6.7,6.1,3.9,0
Jae Crowder,2022,11.3,4.3,1.1,1.5,0
Jarred Vanderbilt,2022,15.3,6.0,0.2,1.1,0
Lauri Markkanen,2022,14.7,5.0,0.4,1.1,0
Grant Williams,2022,11.2,5.1,-0.4,0.8,0
Brandon Ingram,2022,18.7,3.9,2.0,1.9,0
Cody Martin,2022,12.7,3.9,-0.5,0.7,0
Ivica Zubac,2022,19.2,7.2,0.7,1.3,0
Wendell Carter Jr.,2022,18.4,5.0,1.6,1.7,0
Jeff Green,2022,12.5,3.9,-2.5,-0.2,0
Mitchell Robinson,2022,20.7,8.5,2.2,2.0,0
Bogdan Bogdanović,2022,15.4,3.7,1.3,1.5,0
Dennis Schröder,2022,13.0,2.9,-1.9,0.0,0
Bam Adebayo,2022,21.8,7.2,3.8,2.7,0
Mo Bamba,2022,16.5,4.5,0.7,1.2,0
Isaiah Stewart,2022,14.0,3.4,-3.3,-0.6,0
Jarrett Allen,2022,23.0,8.5,3.9,2.7,0
Grayson Allen,2022,12.7,4.2,0.4,1.1,0
Robert Williams,2022,22.1,9.9,5.5,3.4,0
Jaden McDaniels,2022,10.3,2.4,-2.9,-0.4,0
Immanuel Quickley,2022,14.6,4.2,0.2,1.0,0
Corey Kispert,2022,10.9,2.3,-2.3,-0.1,0
Dwight Powell,2022,18.1,8.2,0.9,1.3,0
Mason Plumlee,2022,14.7,4.7,0.0,0.9,0
Carmelo Anthony,2022,14.8,3.6,-0.5,0.7,0
Josh Hart,2022,16.1,4.4,0.9,1.3,0
Caris LeVert,2022,15.1,2.2,-1.2,0.4,0
Bruce Brown,2022,15.0,4.8,0.7,1.2,0
P.J. Washington,2022,13.6,3.4,-0.1,0.9,0
Chuma Okeke,2022,12.0,2.2,-0.1,0.8,0
Georges Niang,2022,10.7,2.8,-1.9,0.0,0
Kevon Looney,2022,15.7,6.8,0.9,1.3,0
Cameron Johnson,2022,15.2,5.6,2.7,2.1,0
Gary Harris,2022,10.9,2.2,-2.4,-0.2,0
OG Anunoby,2022,14.8,3.7,0.5,1.1,0
Precious Achiuwa,2022,12.7,2.5,-2.6,-0.2,0
Deandre Ayton,2022,21.9,7.3,2.8,2.1,0
Garrison Mathews,2022,11.0,2.8,-2.3,-0.1,0
Josh Giddey,2022,13.3,0.4,-0.9,0.5,0
Pat Connaughton,2022,13.4,4.4,1.2,1.4,0
Chris Boucher,2022,17.9,6.0,0.1,0.9,0
Matisse Thybulle,2022,11.2,3.7,1.1,1.3,0
Anfernee Simons,2022,15.3,1.9,-0.7,0.5,0
Coby White,2022,12.6,2.4,-2.1,0.0,0
Danilo Gallinari,2022,14.3,3.6,-0.2,0.8,0
Eric Gordon,2022,12.1,1.4,-2.3,-0.1,0
Kevin Love,2022,19.6,5.7,4.5,2.7,0
Luguentz Dort,2022,12.3,1.4,-2.3,-0.1,0
John Collins,2022,18.7,5.1,1.5,1.5,0
De'Anthony Melton,2022,15.2,3.7,1.9,1.6,0
KJ Martin,2022,14.3,2.9,-1.2,0.4,0
Killian Hayes,2022,9.3,0.5,-3.5,-0.6,0
Montrezl Harrell,2022,23.2,7.3,3.9,2.4,0
Lonnie Walker IV,2022,12.3,1.2,-2.5,-0.2,0
Cory Joseph,2022,11.4,2.5,-2.1,0.0,0
Josh Richardson,2022,12.8,3.5,0.1,0.9,0
Torrey Craig,2022,11.0,2.3,-1.8,0.1,0
Gabe Vincent,2022,10.6,2.5,-1.4,0.2,0
Max Strus,2022,12.7,3.6,0.9,1.2,0
Jusuf Nurkić,2022,20.0,3.6,0.3,0.9,0
De'Andre Hunter,2022,10.6,1.1,-3.9,-0.8,0
Amir Coffey,2022,13.0,3.8,-0.3,0.7,0
Oshae Brissett,2022,12.9,2.2,-2.2,-0.1,0
Marcus Morris,2022,13.7,2.4,-1.4,0.3,0
Gordon Hayward,2022,15.1,2.8,-0.7,0.5,0
Tyus Jones,2022,16.5,5.1,1.7,1.4,0
Chris Duarte,2022,12.3,0.9,-2.3,-0.1,0
Trey Lyles,2022,16.4,3.5,-0.3,0.7,0
Javonte Green,2022,14.0,4.4,0.1,0.8,0
Talen Horton-Tucker,2022,11.0,1.1,-3.3,-0.5,0
Jerami Grant,2022,16.1,2.3,1.2,1.2,0
Mikal Bridges,2023,16.8,7.5,1.7,2.8,0
Mikal Bridges,2023,14.8,4.9,1.0,1.6,0
Anthony Edwards,2023,17.4,3.8,1.0,2.1,0
Zach LaVine,2023,19.0,7.1,1.9,2.7,0
Nikola Vučević,2023,19.1,8.3,2.7,3.2,0
Julius Randle,2023,20.3,8.1,3.7,3.9,0
Domantas Sabonis,2023,23.5,12.6,5.8,5.4,0
Jayson Tatum,2023,23.7,10.5,5.5,5.1,0
Spencer Dinwiddie,2023,16.0,6.3,0.7,1.8,0
Spencer Dinwiddie,2023,16.1,4.3,0.9,1.3,0
Evan Mobley,2023,17.9,8.5,1.7,2.5,0
Dejounte Murray,2023,17.0,4.7,1.0,2.1,0
DeMar DeRozan,2023,20.6,8.5,2.0,2.6,0
Scottie Barnes,2023,15.5,5.0,0.4,1.6,0
Harrison Barnes,2023,14.1,6.5,-1.0,0.7,0
Pascal Siakam,2023,20.3,7.8,3.1,3.4,0
CJ McCollum,2023,15.6,4.3,0.8,1.9,0
Franz Wagner,2023,15.9,5.4,-0.1,1.3,0
Jalen Green,2023,14.5,1.8,-2.1,0.0,0
Bam Adebayo,2023,20.1,7.4,1.5,2.3,0
Trae Young,2023,22.0,6.7,3.3,3.4,0
Fred VanVleet,2023,17.0,6.5,2.5,2.9,0
Buddy Hield,2023,15.4,4.4,1.9,2.4,0
RJ Barrett,2023,12.9,2.2,-3.1,-0.7,0
Jordan Poole,2023,14.6,3.2,-1.9,0.1,0
Josh Hart,2023,14.1,6.0,0.9,1.8,0
Josh Hart,2023,12.7,3.2,-0.2,0.8,0
Jabari Smith Jr.,2023,11.2,1.9,-3.7,-1.1,0
Trey Murphy III,2023,15.2,7.6,1.8,2.3,0
Darius Garland,2023,18.8,7.6,2.4,2.7,0
Tobias Harris,2023,14.8,5.9,0.7,1.7,0
De'Aaron Fox,2023,21.8,7.4,2.5,2.7,0
Donovan Mitchell,2023,22.9,8.9,6.3,5.0,0
Paolo Banchero,2023,14.9,2.4,-1.5,0.3,0
Jaden McDaniels,2023,12.0,4.4,-1.2,0.5,0
Shai Gilgeous-Alexander,2023,27.2,11.4,7.3,5.6,0
Royce O'Neale,2023,9.2,2.9,-1.1,0.5,0
Jaylen Brown,2023,19.1,5.0,1.3,2.0,0
Luka Dončić,2023,28.7,10.2,8.9,6.6,0
OG Anunoby,2023,14.6,4.7,0.4,1.5,0
Keegan Murray,2023,12.3,4.3,-0.6,0.8,0
Kentavious Caldwell-Pope,2023,11.5,4.5,-1.0,0.6,0
P.J. Washington,2023,12.9,2.6,-1.3,0.4,0
Jalen Brunson,2023,21.2,8.7,3.9,3.5,0
Brook Lopez,2023,18.4,8.0,2.1,2.5,0
Josh Giddey,2023,17.1,4.0,1.2,1.9,0
Reggie Bullock,2023,7.7,2.8,-2.6,-0.4,0
Immanuel Quickley,2023,16.3,6.7,1.7,2.1,0
Tyler Herro,2023,15.3,3.5,0.6,1.6,0
Patrick Williams,2023,11.2,3.5,-1.3,0.4,0
Nikola Jokić,2023,31.5,14.9,13.0,8.8,0
Derrick White,2023,15.4,7.4,2.4,2.6,0
Jaden Ivey,2023,12.1,0.0,-3.3,-0.7,0
D'Angelo Russell,2023,16.3,5.1,1.5,2.0,0
D'Angelo Russell,2023,16.1,3.8,1.2,1.4,0
Draymond Green,2023,12.2,4.7,0.8,1.6,0
KJ Martin,2023,15.4,4.9,-0.7,0.7,0
Joel Embiid,2023,31.4,12.3,9.2,6.4,1
Bruce Brown,2023,13.3,4.3,-0.5,0.9,0
Klay Thompson,2023,14.7,3.1,-0.3,1.0,0
Jalen Williams,2023,15.6,5.6,0.3,1.3,0
Lauri Markkanen,2023,22.1,8.2,3.8,3.3,0
Max Strus,2023,10.8,3.4,-1.7,0.2,0
Luguentz Dort,2023,11.3,2.9,-3.0,-0.6,0
Nic Claxton,2023,20.8,9.2,3.1,2.9,0
Jerami Grant,2023,16.0,4.1,-0.2,1.0,0
Kyrie Irving,2023,22.4,7.4,4.1,3.5,0
Kyle Kuzma,2023,14.3,0.9,-1.7,0.2,0
Caris LeVert,2023,12.4,4.4,-0.2,1.0,0
Bennedict Mathurin,2023,13.1,1.8,-3.7,-1.0,0
Terry Rozier,2023,14.7,1.7,-0.6,0.8,0
Jarrett Allen,2023,19.9,9.5,2.4,2.4,0
Dillon Brooks,2023,9.4,1.6,-3.9,-1.1,0
Kevin Huerter,2023,15.2,4.9,1.0,1.7,0
Jrue Holiday,2023,19.2,6.7,3.1,2.8,0
Alperen Şengün,2023,19.7,5.2,1.4,1.9,0
Anfernee Simons,2023,14.8,2.5,-1.1,0.5,0
Ivica Zubac,2023,16.7,6.7,-0.9,0.6,0
Killian Hayes,2023,10.2,-0.5,-3.8,-1.0,0
Tim Hardaway Jr.,2023,12.1,2.3,-1.8,0.1,0
De'Anthony Melton,2023,12.7,4.2,0.9,1.6,0
Rudy Gobert,2023,18.9,7.8,0.7,1.4,0
Jimmy Butler,2023,27.6,12.3,8.7,5.8,0
James Harden,2023,21.6,8.4,5.4,4.0,0
Jamal Murray,2023,18.0,5.1,1.3,1.8,0
John Collins,2023,13.6,4.2,-1.3,0.4,0
Saddiq Bey,2023,14.6,3.9,-0.3,0.9,0
Saddiq Bey,2023,14.3,2.3,-0.7,0.5,0
De'Andre Hunter,2023,11.5,2.5,-3.3,-0.7,0
Russell Westbrook,2023,16.1,1.9,0.2,1.2,0
Quentin Grimes,2023,11.7,4.8,-0.1,1.0,0
Kristaps Porziņģis,2023,23.1,7.7,4.3,3.4,0
Gary Trent Jr.,2023,15.0,4.5,0.2,1.2,0
Damian Lillard,2023,26.7,9.0,7.1,4.9,0
Ayo Dosunmu,2023,10.2,2.9,-2.5,-0.2,0
Corey Kispert,2023,11.5,3.8,-1.5,0.2,0
Malik Beasley,2023,10.9,1.4,-2.0,0.0,0
Caleb Martin,2023,11.4,3.7,-1.2,0.4,0
Andrew Nembhard,2023,10.0,1.2,-3.2,-0.6,0
Keldon Johnson,2023,15.3,1.3,-1.8,0.1,0
Aaron Gordon,2023,19.5,6.8,2.1,2.1,0
Mason Plumlee,2023,19.6,7.9,2.2,2.2,0
Mason Plumlee,2023,20.0,6.1,2.4,1.8,0
Grant Williams,2023,10.3,4.4,-1.1,0.5,0
Deandre Ayton,2023,19.9,6.2,0.9,1.5,0
Mike Conley,2023,14.7,5.5,0.9,1.5,0
Giannis Antetokounmpo,2023,29.0,8.6,8.5,5.4,0
Kevin Porter Jr.,2023,16.2,2.9,0.6,1.3,0
Deni Avdija,2023,11.2,2.3,-2.3,-0.1,0
Tyrese Maxey,2023,17.0,5.4,0.6,1.3,0
Dorian Finney-Smith,2023,9.2,2.1,-2.0,0.0,0
Jordan Clarkson,2023,14.7,1.7,-1.4,0.3,0
Dennis Schröder,2023,11.5,2.8,-2.9,-0.4,0
Tre Jones,2023,16.0,3.4,-1.0,0.5,0
Grayson Allen,2023,12.3,5.1,0.1,1.0,0
Jonas Valančiūnas,2023,19.3,5.8,-0.4,0.8,0
Eric Gordon,2023,11.8,2.3,-1.9,0.1,0
Kevon Looney,2023,17.8,8.7,2.1,2.0,0
Kyle Anderson,2023,14.8,5.1,2.5,2.2,0
Marcus Smart,2023,12.1,3.7,-1.0,0.5,0
LeBron James,2023,23.9,5.6,6.1,4.0,0
Herbert Jones,2023,12.1,4.2,-0.3,0.8,0
Torrey Craig,2023,11.6,4.0,-0.6,0.7,0
Ja Morant,2023,23.3,6.0,5.7,3.8,0
Kelly Olynyk,2023,14.4,4.3,0.4,1.2,0
Stephen Curry,2023,24.1,7.8,7.5,4.7,0
Tyus Jones,2023,16.0,5.7,1.6,1.7,0
Paul George,2023,19.6,4.6,2.8,2.3,0
Al Horford,2023,13.8,6.3,3.3,2.5,0
P.J. Tucker,2023,5.7,2.5,-3.0,-0.5,0
Jalen McDaniels,2023,11.8,2.7,-2.1,-0.1,0
Jakob Poeltl,2023,21.0,6.0,1.9,1.9,0
Anthony Davis,2023,27.8,9.0,6.3,4.0,0
Donte DiVincenzo,2023,12.8,4.2,0.7,1.3,0
Bojan Bogdanović,2023,17.4,3.5,0.8,1.4,0
Chris Paul,2023,17.7,6.2,3.2,2.5,0
Tyrese Haliburton,2023,23.6,7.6,7.2,4.4,0
Jarred Vanderbilt,2023,15.1,5.2,1.1,1.5,0
Terance Mann,2023,13.4,4.3,-0.2,0.8,0
Troy Brown Jr.,2023,9.6,2.9,-1.0,0.5,0
Onyeka Okongwu,2023,19.4,7.1,0.8,1.3,0
Austin Reaves,2023,14.9,5.4,0.7,1.2,0
Desmond Bane,2023,19.1,5.8,3.5,2.5,0
Devin Booker,2023,22.0,6.0,4.2,2.9,0
Marcus Morris,2023,10.5,2.0,-1.9,0.0,0
Myles Turner,2023,20.0,5.4,2.1,1.9,0
Bobby Portis,2023,17.8,5.3,0.7,1.2,0
Aaron Nesmith,2023,10.5,2.0,-3.0,-0.4,0
Patrick Beverley,2023,8.9,3.0,-1.2,0.3,0
Jevon Carter,2023,10.9,3.5,-0.6,0.6,0
Michael Porter Jr.,2023,16.8,4.3,0.2,1.0,0
Naji Marshall,2023,11.4,2.5,-1.9,0.1,0
Jaren Jackson Jr.,2023,21.6,6.6,2.8,2.2,0
Shaedon Sharpe,2023,11.5,1.2,-3.3,-0.6,0
Markelle Fultz,2023,16.6,3.7,0.5,1.2,0
Tari Eason,2023,15.2,2.6,-1.7,0.1,0
Gabe Vincent,2023,9.0,1.4,-3.4,-0.6,0
Kawhi Leonard,2023,23.9,7.1,6.1,3.5,0
Malcolm Brogdon,2023,18.2,5.8,2.8,2.1,0
Christian Wood,2023,20.6,4.8,1.7,1.6,0
Coby White,2023,12.5,3.1,-0.8,0.5,0
Clint Capela,2023,22.1,7.2,2.2,1.8,0
Malik Monk,2023,16.6,3.2,0.3,1.0,0
Kyle Lowry,2023,12.6,3.4,0.2,0.9,0
Nicolas Batum,2023,11.0,3.6,0.5,1.0,0
Walker Kessler,2023,21.5,7.1,2.9,2.1,0
Monte Morris,2023,15.0,4.2,0.5,1.1,0
Wendell Carter Jr.,2023,17.3,4.6,1.0,1.3,0
Santi Aldama,2023,13.9,4.6,0.5,1.1,0
Bradley Beal,2023,19.7,3.4,1.8,1.6,0
Kevin Durant,2023,25.9,6.8,7.1,3.9,0
Jalen Duren,2023,17.3,4.5,-0.8,0.5,0
Reggie Jackson,2023,10.0,0.6,-3.9,-0.8,0
Isaac Okoro,2023,10.7,4.2,-0.3,0.7,0
Isaiah Hartenstein,2023,14.2,4.6,-0.3,0.7,0
Daniel Gafford,2023,19.7,6.1,1.0,1.2,0
Mitchell Robinson,2023,18.9,6.5,2.4,1.7,0
Drew Eubanks,2023,16.2,4.4,0.1,0.8,0
Gordon Hayward,2023,13.5,2.0,-1.4,0.2,0
Alex Caruso,2023,11.5,3.6,1.1,1.2,0
Shake Milton,2023,12.7,2.9,-2.0,0.0,0
Norman Powell,2023,17.1,3.5,0.3,0.9,0
Cole Anthony,2023,16.0,3.7,1.3,1.3,0
Malaki Branham,2023,9.5,-0.1,-5.2,-1.3,0
Cedi Osman,2023,12.0,3.3,-0.7,0.5,0
Kelly Oubre Jr.,2023,14.8,1.7,-1.1,0.3,0
Josh Green,2023,11.2,2.6,-2.4,-0.2,0
Brandon Ingram,2023,19.2,3.5,1.7,1.5,0
Josh Richardson,2023,12.3,1.8,-1.2,0.3,0
Joe Harris,2023,10.6,2.6,-1.1,0.3,0
T.J. McConnell,2023,16.8,3.1,0.5,1.0,0
Chris Boucher,2023,18.0,5.0,-0.1,0.7,0
Georges Niang,2023,10.9,2.5,-1.4,0.2,0
Bogdan Bogdanović,2023,14.2,2.8,0.5,0.9,0
Damion Lee,2023,10.7,2.6,-1.7,0.1,0
Bol Bol,2023,14.4,2.3,-0.9,0.4,0
DeMar DeRozan,2024,19.7,9.2,1.8,2.8,0
Domantas Sabonis,2024,23.2,12.6,6.5,6.2,0
Coby White,2024,14.5,4.7,-0.7,0.9,0
Mikal Bridges,2024,14.9,4.2,-0.4,1.2,0
Paolo Banchero,2024,17.3,5.3,1.3,2.3,0
Kevin Durant,2024,21.2,8.3,4.0,4.3,0
Dejounte Murray,2024,17.7,4.9,1.7,2.6,0
Anthony Edwards,2024,19.7,7.5,3.3,3.7,0
Nikola Jokić,2024,31.0,17.0,13.2,10.6,0
Jalen Brunson,2024,23.4,11.2,5.8,5.4,0
Josh Hart,2024,11.8,5.7,0.0,1.4,0
Anthony Davis,2024,25.8,11.8,5.1,4.9,0
Fred VanVleet,2024,16.7,8.4,3.4,3.6,0
De'Aaron Fox,2024,20.1,6.5,2.7,3.2,0
Pascal Siakam,2024,19.7,6.9,1.9,2.7,0
Jayson Tatum,2024,22.3,10.4,5.1,4.7,0
Austin Reaves,2024,15.5,5.9,0.4,1.6,0
Tyrese Maxey,2024,19.8,8.1,3.1,3.4,0
Luka Dončić,2024,28.1,12.0,9.9,8.0,0
Nikola Vučević,2024,17.7,5.4,0.1,1.4,0
Jalen Green,2024,14.7,3.1,-0.5,1.0,0
Rudy Gobert,2024,19.3,11.6,1.8,2.5,0
Keegan Murray,2024,13.3,5.2,-0.9,0.8,0
Miles Bridges,2024,15.4,2.2,-1.1,0.6,0
Damian Lillard,2024,19.6,7.7,2.1,2.7,0
Giannis Antetokounmpo,2024,29.9,13.2,9.0,7.2,0
Michael Porter Jr.,2024,15.5,6.2,0.1,1.3,0
Shai Gilgeous-Alexander,2024,29.3,14.6,9.0,7.1,0
Grayson Allen,2024,13.8,6.9,1.3,2.0,0
LeBron James,2024,23.7,8.5,6.5,5.4,0
Paul George,2024,19.3,7.3,3.2,3.3,0
Dennis Schröder,2024,13.3,3.3,-1.8,0.1,0
Dennis Schröder,2024,13.9,2.5,-1.8,0.1,0
D'Angelo Russell,2024,16.0,5.1,0.9,1.8,0
James Harden,2024,18.6,8.4,4.1,3.8,0
Devin Booker,2024,21.9,9.2,3.0,3.1,0
Jarrett Allen,2024,21.8,10.7,3.0,3.1,0
Jabari Smith Jr.,2024,13.8,5.6,-0.4,1.0,0
Stephen Curry,2024,20.6,7.2,5.2,4.4,0
Bam Adebayo,2024,19.8,7.2,2.4,2.7,0
Chet Holmgren,2024,20.4,8.9,3.4,3.3,0
Brook Lopez,2024,14.8,5.9,1.0,1.8,0
Kentavious Caldwell-Pope,2024,10.7,4.8,-1.4,0.4,0
Bogdan Bogdanović,2024,14.7,3.9,0.2,1.4,0
Brandon Miller,2024,13.0,0.8,-2.6,-0.3,0
Harrison Barnes,2024,11.9,4.7,-1.8,0.1,0
Derrick White,2024,16.9,8.5,3.8,3.5,0
Tobias Harris,2024,16.5,5.9,0.9,1.7,0
Donte DiVincenzo,2024,16.0,6.6,3.4,3.2,0
Jordan Poole,2024,12.1,-0.6,-3.9,-1.2,0
Jaylen Brown,2024,18.6,5.9,0.7,1.6,0
Malik Beasley,2024,10.3,3.5,-1.8,0.1,0
Franz Wagner,2024,17.6,6.4,1.2,1.9,0
Kawhi Leonard,2024,23.2,8.9,5.5,4.4,0
Herbert Jones,2024,13.2,6.3,0.6,1.6,0
Aaron Gordon,2024,16.8,7.1,1.3,1.9,0
Klay Thompson,2024,13.9,3.6,-0.4,0.9,0
Kyle Kuzma,2024,15.7,0.2,-1.1,0.5,0
Jrue Holiday,2024,14.4,6.3,2.1,2.4,0
Deni Avdija,2024,14.9,3.2,-0.9,0.6,0
Devin Vassell,2024,15.7,3.6,0.0,1.1,0
Luguentz Dort,2024,11.1,4.6,-1.6,0.2,0
Max Strus,2024,11.7,3.9,-0.6,0.8,0
Dillon Brooks,2024,9.4,2.7,-3.6,-0.9,0
Tyrese Haliburton,2024,23.3,9.0,6.9,5.0,0
Jalen Williams,2024,19.1,7.3,2.3,2.4,0
P.J. Washington,2024,12.2,1.9,-2.1,-0.1,0
Jaden Ivey,2024,12.4,0.5,-3.1,-0.6,0
Ayo Dosunmu,2024,13.4,4.1,-0.8,0.7,0
Zion Williamson,2024,22.8,7.5,3.8,3.3,0
Mike Conley,2024,15.8,8.2,3.4,3.0,0
Jeremy Sochan,2024,11.4,1.4,-3.4,-0.8,0
Buddy Hield,2024,13.3,3.5,0.4,1.3,0
CJ McCollum,2024,17.9,5.9,3.1,2.8,0
Spencer Dinwiddie,2024,11.7,3.6,-1.9,0.1,0
Tre Jones,2024,14.7,4.9,-0.4,0.9,0
Grant Williams,2024,10.6,2.6,-2.6,-0.3,0
Jaren Jackson Jr.,2024,17.4,3.0,0.4,1.3,0
Tim Hardaway Jr.,2024,12.1,2.2,-2.9,-0.5,0
Nic Claxton,2024,18.7,6.7,1.2,1.7,0
Jaime Jaquez Jr.,2024,12.9,4.0,-1.9,0.1,0
Taurean Prince,2024,8.8,1.9,-2.8,-0.4,0
Victor Wembanyama,2024,23.1,3.7,5.2,3.8,0
Jaden McDaniels,2024,9.4,3.4,-2.6,-0.3,0
Brandon Ingram,2024,18.2,5.1,1.2,1.7,0
Scottie Barnes,2024,19.5,4.3,3.7,3.0,0
Jusuf Nurkić,2024,17.4,5.8,1.1,1.6,0
Myles Turner,2024,19.3,5.8,0.9,1.5,0
Collin Sexton,2024,19.9,5.5,1.9,2.0,0
Cam Thomas,2024,16.1,2.5,-1.2,0.4,0
Cade Cunningham,2024,17.1,1.8,0.3,1.2,0
Corey Kispert,2024,12.8,2.1,-2.1,-0.1,0
Saddiq Bey,2024,13.1,3.5,-1.8,0.1,0
Kelly Oubre Jr.,2024,13.5,3.0,-2.3,-0.1,0
Alperen Şengün,2024,22.0,6.9,4.9,3.5,0
Jimmy Butler,2024,22.0,9.1,4.6,3.4,0
Alex Caruso,2024,14.5,4.9,2.5,2.3,0
Terry Rozier,2024,17.3,3.9,1.5,1.8,0
Keldon Johnson,2024,14.2,3.0,-1.7,0.2,0
Kyrie Irving,2024,21.9,6.9,4.9,3.6,0
Karl-Anthony Towns,2024,18.8,6.3,2.5,2.3,0
Jalen Suggs,2024,14.1,4.7,1.0,1.5,0
Keyonte George,2024,10.4,-0.3,-4.4,-1.2,0
Josh Giddey,2024,16.6,4.3,1.5,1.8,0
Bobby Portis,2024,17.5,4.7,-0.8,0.6,0
Aaron Nesmith,2024,12.8,4.1,-0.5,0.8,0
Gary Trent Jr.,2024,12.0,1.7,-2.6,-0.3,0
Norman Powell,2024,13.9,4.1,-0.8,0.6,0
Immanuel Quickley,2024,16.7,4.7,1.3,1.7,0
Brandin Podziemski,2024,13.0,4.1,-0.1,0.9,0
Naz Reid,2024,16.0,4.9,1.5,1.7,0
Caris LeVert,2024,14.6,3.6,0.2,1.1,0
Royce O'Neale,2024,11.1,3.4,0.0,1.0,0
Jonathan Kuminga,2024,17.0,4.6,-0.4,0.8,0
Donovan Mitchell,2024,22.1,6.4,5.8,3.9,0
Trae Young,2024,20.3,4.6,2.6,2.2,0
Dorian Finney-Smith,2024,10.1,2.6,-2.0,0.0,0
Tyus Jones,2024,16.5,4.5,0.7,1.3,0
Jonas Valančiūnas,2024,19.8,7.1,1.2,1.6,0
Nickeil Alexander-Walker,2024,10.9,4.3,0.2,1.1,0
Andrew Wiggins,2024,12.7,2.8,-2.5,-0.3,0
Duncan Robinson,2024,12.2,3.6,-0.9,0.6,0
John Collins,2024,17.5,4.4,-0.9,0.5,0
Darius Garland,2024,14.5,2.7,-1.0,0.5,0
Isaiah Hartenstein,2024,18.9,8.1,3.5,2.6,0
Eric Gordon,2024,10.8,2.5,-1.7,0.1,0
Jalen Johnson,2024,16.3,3.8,1.2,1.5,0
Isaac Okoro,2024,11.4,4.2,-1.1,0.4,0
Clint Capela,2024,20.7,6.3,0.1,1.0,0
Terance Mann,2024,12.0,4.2,-1.5,0.2,0
Malik Monk,2024,16.0,3.5,0.6,1.2,0
Bruce Brown,2024,11.6,2.2,-3.3,-0.6,0
Jamal Murray,2024,20.7,5.9,4.1,2.9,0
RJ Barrett,2024,16.4,2.9,-0.8,0.6,0
Georges Niang,2024,9.9,2.4,-2.9,-0.4,0
Jerami Grant,2024,15.4,2.7,-0.1,0.9,0
Rui Hachimura,2024,15.0,4.1,-0.9,0.5,0
Payton Pritchard,2024,15.3,6.1,1.0,1.4,0
Lauri Markkanen,2024,21.5,6.2,3.6,2.6,0
Reggie Jackson,2024,11.7,2.1,-3.2,-0.6,0
Cole Anthony,2024,14.6,3.6,0.1,1.0,0
Daniel Gafford,2024,21.7,7.8,2.6,2.1,0
Ivica Zubac,2024,19.3,6.8,0.8,1.3,0
Deandre Ayton,2024,18.9,3.9,0.3,1.0,0
Derrick Jones Jr.,2024,11.7,3.1,-1.5,0.2,0
Kyle Anderson,2024,12.7,4.5,1.1,1.4,0
Jalen Duren,2024,18.7,4.8,-0.1,0.9,0
Bradley Beal,2024,16.3,3.9,0.4,1.1,0
Scoot Henderson,2024,9.5,-1.7,-5.8,-1.7,0
Nick Richards,2024,16.7,5.1,-2.3,-0.1,0
Kelly Olynyk,2024,17.4,4.9,1.8,1.7,0
Caleb Martin,2024,10.8,2.4,-2.0,0.0,0
Sam Hauser,2024,13.0,4.9,1.2,1.4,0
Al Horford,2024,15.0,6.2,3.6,2.5,0
Toumani Camara,2024,10.6,2.0,-3.1,-0.5,0
Obi Toppin,2024,16.5,4.8,1.5,1.5,0
Bilal Coulibaly,2024,8.9,0.4,-4.2,-0.9,0
OG Anunoby,2024,12.8,2.6,-0.6,0.6,0
Jabari Walker,2024,13.0,2.9,-3.3,-0.6,0
Andrew Nembhard,2024,11.3,2.0,-2.2,-0.1,0
Cason Wallace,2024,12.0,4.0,0.1,0.9,0
Trey Murphy III,2024,16.3,5.4,2.5,1.9,0
Kristaps Porziņģis,2024,23.2,7.9,5.1,3.0,0
Kyle Lowry,2024,10.9,3.5,-1.0,0.4,0
Jordan Clarkson,2024,12.7,0.2,-4.5,-1.1,0
De'Andre Hunter,2024,12.7,2.2,-2.4,-0.2,0
Pat Connaughton,2024,9.6,2.8,-1.6,0.2,0
Christian Braun,2024,12.1,3.4,-1.9,0.0,0
Simone Fontecchio,2024,12.1,2.1,-1.0,0.4,0
Ochai Agbaji,2024,7.7,0.1,-4.4,-1.0,0
Julius Randle,2024,18.9,3.8,1.9,1.6,0
Precious Achiuwa,2024,14.6,3.4,-1.4,0.2,0
Santi Aldama,2024,13.1,2.4,-0.2,0.7,0
Cameron Johnson,2024,14.5,3.3,0.4,1.0,0
Malaki Branham,2024,8.7,-0.3,-5.6,-1.5,0
Paul Reed,2024,17.4,5.1,0.4,0.9,0
Ausar Thompson,2024,12.8,1.8,-2.2,-0.1,0
Anfernee Simons,2024,15.9,2.2,0.2,0.8,0
Kevin Huerter,2024,12.4,2.9,-0.8,0.5,0
Bennedict Mathurin,2024,13.0,1.4,-3.4,-0.6,0
Evan Mobley,2024,20.1,5.5,2.9,1.9,0
Chris Paul,2024,14.7,4.3,1.0,1.2,0
Russell Westbrook,2024,16.2,2.1,0.5,1.0,0
Nicolas Batum,2024,10.2,3.3,-0.4,0.6,0
Zach Collins,2024,14.3,1.8,-2.0,0.0,0
Josh Green,2024,9.9,2.2,-2.7,-0.3,0
